{
  "type": "FeatureCollection",
  "features": [
    {
      "type": "Feature",
      "geometry": {
        "type": "GeometryCollection",
        "geometries": [
          {
            "type": "Point",
            "coordinates": [
              127.0101,
              37.5301
            ]
          }
        ]
      },
      "properties": {
        "CONTENTS_NAME": "한강리",
        "IMG_MAIN_URL": "",
        "ADDR_OLD": "서울특별시 용산구 한남동 459-8",
        "ADDR_NEW": "서울특별시 용산구 독서당로14길 73-6",
        "COORD_DATA": "[127.010076886,37.530115634]",
        "COORD_X": "127.010076886",
        "COORD_Y": "37.530115634",
        "TEL_NO": "",
        "CONTENTS_DETAIL": "",
        "CONTENTS_STATUS": "1",
        "EXTRA_DATA_01": "",
        "EXTRA_DATA_02": "",
        "NAME_01": "한강리",
        "VALUE_01": "24, 25일에는 한강변 일대에서 시위가 일어났다. 만세 시위가 점차 외곽으로 확산되는 모습을 확인할 수 있다. 24일 한강리에서 약 200여 명의 군중이 만세 시위를 하다가 헌병의 '설유'로 해산했다.",
        "NAME_02": "",
        "VALUE_02": "",
        "NAME_03": "",
        "VALUE_03": "",
        "NAME_04": "",
        "VALUE_04": "",
        "NAME_05": "※자료 출처",
        "VALUE_05": "경성과 평양의 3.1 운동 / 서울역사박물관 발간도서와 삼일대로 일대 3.1운동 기념 대표가로 조성 방향 및 향추 추진계획 보고서를 참고하여 등록하였습니다. \n3.1운동 이동경로는 도서 내용 토대로 일부 수정되었음을 알려 드립니다.",
        "NAME_06": "",
        "VALUE_06": "",
        "NAME_07": "",
        "VALUE_07": "",
        "NAME_08": "",
        "VALUE_08": "",
        "NAME_09": "",
        "VALUE_09": "",
        "NAME_10": "",
        "VALUE_10": "",
        "NAME_11": "",
        "VALUE_11": "",
        "NAME_12": "",
        "VALUE_12": "",
        "NAME_13": "",
        "VALUE_13": "",
        "NAME_14": "",
        "VALUE_14": "",
        "NAME_15": "",
        "VALUE_15": "",
        "NAME_16": "",
        "VALUE_16": "",
        "NAME_17": "",
        "VALUE_17": "",
        "NAME_18": "",
        "VALUE_18": "",
        "NAME_19": "",
        "VALUE_19": "",
        "NAME_20": "",
        "VALUE_20": "",
        "COORD_TYPE": "1",
        "LINE_PATTERN": "",
        "LINE_COLOR": "",
        "LINE_WEIGHT": "",
        "MOVIE_URL": "",
        "VOICE_URL": "",
        "NATION_BASE_AREA": "04410",
        "NATION_POINT_NUMBER": "다사56714798",
        "LAN_TYPE": "",
        "KEYWORD": "",
        "SUB_ID": "3",
        "COT_CRTFC_YN": ""
      },
      "id": "0"
    },
    {
      "type": "Feature",
      "geometry": {
        "type": "GeometryCollection",
        "geometries": [
          {
            "type": "Point",
            "coordinates": [
              127.0011,
              37.5616
            ]
          }
        ]
      },
      "properties": {
        "CONTENTS_NAME": "신정",
        "IMG_MAIN_URL": "",
        "ADDR_OLD": "서울특별시 중구 묵정동 26-8",
        "ADDR_NEW": "서울특별시 중구 퇴계로50가길 2",
        "COORD_DATA": "[127.001055661,37.561569394]",
        "COORD_X": "127.001055661",
        "COORD_Y": "37.561569394",
        "TEL_NO": "",
        "CONTENTS_DETAIL": "",
        "CONTENTS_STATUS": "1",
        "EXTRA_DATA_01": "",
        "EXTRA_DATA_02": "",
        "NAME_01": "",
        "VALUE_01": "",
        "NAME_02": "",
        "VALUE_02": "",
        "NAME_03": "",
        "VALUE_03": "",
        "NAME_04": "",
        "VALUE_04": "",
        "NAME_05": "",
        "VALUE_05": "",
        "NAME_06": "",
        "VALUE_06": "",
        "NAME_07": "",
        "VALUE_07": "",
        "NAME_08": "",
        "VALUE_08": "",
        "NAME_09": "",
        "VALUE_09": "",
        "NAME_10": "",
        "VALUE_10": "",
        "NAME_11": "",
        "VALUE_11": "",
        "NAME_12": "",
        "VALUE_12": "",
        "NAME_13": "",
        "VALUE_13": "",
        "NAME_14": "",
        "VALUE_14": "",
        "NAME_15": "",
        "VALUE_15": "",
        "NAME_16": "",
        "VALUE_16": "",
        "NAME_17": "",
        "VALUE_17": "",
        "NAME_18": "",
        "VALUE_18": "",
        "NAME_19": "",
        "VALUE_19": "",
        "NAME_20": "",
        "VALUE_20": "",
        "COORD_TYPE": "1",
        "LINE_PATTERN": "",
        "LINE_COLOR": "",
        "LINE_WEIGHT": "",
        "MOVIE_URL": "",
        "VOICE_URL": "",
        "NATION_BASE_AREA": "04618",
        "NATION_POINT_NUMBER": "다사55935147",
        "LAN_TYPE": "",
        "KEYWORD": "",
        "SUB_ID": "4",
        "COT_CRTFC_YN": ""
      },
      "id": "1"
    },
    {
      "type": "Feature",
      "geometry": {
        "type": "GeometryCollection",
        "geometries": [
          {
            "type": "Point",
            "coordinates": [
              126.951,
              37.544
            ]
          }
        ]
      },
      "properties": {
        "CONTENTS_NAME": "공덕리",
        "IMG_MAIN_URL": "",
        "ADDR_OLD": "서울특별시 마포구 공덕동 237-9",
        "ADDR_NEW": "서울특별시 마포구 백범로 178",
        "COORD_DATA": "[126.951032569,37.543981621]",
        "COORD_X": "126.951032569",
        "COORD_Y": "37.543981621",
        "TEL_NO": "",
        "CONTENTS_DETAIL": "",
        "CONTENTS_STATUS": "1",
        "EXTRA_DATA_01": "",
        "EXTRA_DATA_02": "",
        "NAME_01": "공덕리",
        "VALUE_01": "23일에는 밤에는 공덕리, 동막 일대에서 시위가 있었다.",
        "NAME_02": "",
        "VALUE_02": "",
        "NAME_03": "",
        "VALUE_03": "",
        "NAME_04": "",
        "VALUE_04": "",
        "NAME_05": "※자료 출처",
        "VALUE_05": "경성과 평양의 3.1 운동 / 서울역사박물관 발간도서와 삼일대로 일대 3.1운동 기념 대표가로 조성 방향 및 향추 추진계획 보고서를 참고하여 등록하였습니다. \n3.1운동 이동경로는 도서 내용 토대로 일부 수정되었음을 알려 드립니다.",
        "NAME_06": "",
        "VALUE_06": "",
        "NAME_07": "",
        "VALUE_07": "",
        "NAME_08": "",
        "VALUE_08": "",
        "NAME_09": "",
        "VALUE_09": "",
        "NAME_10": "",
        "VALUE_10": "",
        "NAME_11": "",
        "VALUE_11": "",
        "NAME_12": "",
        "VALUE_12": "",
        "NAME_13": "",
        "VALUE_13": "",
        "NAME_14": "",
        "VALUE_14": "",
        "NAME_15": "",
        "VALUE_15": "",
        "NAME_16": "",
        "VALUE_16": "",
        "NAME_17": "",
        "VALUE_17": "",
        "NAME_18": "",
        "VALUE_18": "",
        "NAME_19": "",
        "VALUE_19": "",
        "NAME_20": "",
        "VALUE_20": "",
        "COORD_TYPE": "1",
        "LINE_PATTERN": "",
        "LINE_COLOR": "",
        "LINE_WEIGHT": "",
        "MOVIE_URL": "",
        "VOICE_URL": "",
        "NATION_BASE_AREA": "04146",
        "NATION_POINT_NUMBER": "다사51504954",
        "LAN_TYPE": "",
        "KEYWORD": "",
        "SUB_ID": "3",
        "COT_CRTFC_YN": ""
      },
      "id": "10"
    },
    {
      "type": "Feature",
      "geometry": {
        "type": "GeometryCollection",
        "geometries": [
          {
            "type": "Point",
            "coordinates": [
              126.9441,
              37.5382
            ]
          }
        ]
      },
      "properties": {
        "CONTENTS_NAME": "마포 전차종점 3·1운동 만세 시위지",
        "IMG_MAIN_URL": "http://sajeok.i815.or.kr/815/content/i815/HL01_1603_02.jpg",
        "ADDR_OLD": "서울특별시 마포구 마포동 33-18",
        "ADDR_NEW": "서울특별시 마포구 마포대로 12",
        "COORD_DATA": "[126.9441291,37.538246]",
        "COORD_X": "126.944129100",
        "COORD_Y": "37.538246000",
        "TEL_NO": "",
        "CONTENTS_DETAIL": "",
        "CONTENTS_STATUS": "1",
        "EXTRA_DATA_01": "",
        "EXTRA_DATA_02": "",
        "NAME_01": "기본정보",
        "VALUE_01": "- 사적지 분류: 국내항일운동사적지 \n- 운동계열분류: 3·1운동 \n- 종류: 거리 \n- 상태: 완전변형 / 전차길이 없어지고, 현재 마포대교 진입로가 크게 확장되어 당시의 거리 모습을 찾아 볼 수가 없다. \n- 정의: 1919년 3월 1일 오후 8시경 약 1천명의 군중이 모여 독립만세시위를 벌인 곳",
        "NAME_02": "관련정보",
        "VALUE_02": "- 관련 사건: 1919 3·1운동",
        "NAME_03": "관련 내용",
        "VALUE_03": "1919년 3월 1일 탑골공원에서의 독립선언식 이후 서울 시내 각처에서 벌어진 만세시위는 해질 무렵부터 교외로 번져나가, 오후 8시경 약 1천명의 군중이 마포 전차 종점 부근에 모여 독립만세시위를 벌였다. 이날 시위는 밤 11시경 연희전문학교 부근에서 학생 약 2백 명이, 밤 12시 20분경 약 4백 명의 군중이 종로 네거리에서 독립 만세를 부르는 등 밤늦게까지 계속되었다.",
        "NAME_04": "",
        "VALUE_04": "",
        "NAME_05": "※자료 출처",
        "VALUE_05": "경성과 평양의 3.1 운동 / 서울역사박물관 발간도서와 삼일대로 일대 3.1운동 기념 대표가로 조성 방향 및 향추 추진계획 보고서를 참고하여 등록하였습니다. \n3.1운동 이동경로는 도서 내용 토대로 일부 수정되었음을 알려 드립니다.",
        "NAME_06": "",
        "VALUE_06": "",
        "NAME_07": "참고 문헌",
        "VALUE_07": "- 「독립운동에 관한 건(제3보)」, 1919년 3월 2일; 강덕상 편, 『현대사자료』 25, 동경: 미스즈서방(みすず書房), 1966, 287쪽. \n- 독립운동사편찬위원회, 『독립운동사』 2, 1971, 110쪽.\n- 「경성도」(1924); 서울역사박물관, 『서울지도』, 2006, 48~49쪽.",
        "NAME_08": "",
        "VALUE_08": "",
        "NAME_09": "",
        "VALUE_09": "",
        "NAME_10": "",
        "VALUE_10": "",
        "NAME_11": "",
        "VALUE_11": "",
        "NAME_12": "",
        "VALUE_12": "",
        "NAME_13": "",
        "VALUE_13": "",
        "NAME_14": "",
        "VALUE_14": "",
        "NAME_15": "",
        "VALUE_15": "",
        "NAME_16": "",
        "VALUE_16": "",
        "NAME_17": "",
        "VALUE_17": "",
        "NAME_18": "",
        "VALUE_18": "",
        "NAME_19": "",
        "VALUE_19": "",
        "NAME_20": "",
        "VALUE_20": "",
        "COORD_TYPE": "1",
        "LINE_PATTERN": "",
        "LINE_COLOR": "",
        "LINE_WEIGHT": "",
        "MOVIE_URL": "",
        "VOICE_URL": "",
        "NATION_BASE_AREA": "04177",
        "NATION_POINT_NUMBER": "다사50894891",
        "LAN_TYPE": "",
        "KEYWORD": "",
        "SUB_ID": "3",
        "COT_CRTFC_YN": ""
      },
      "id": "11"
    },
    {
      "type": "Feature",
      "geometry": {
        "type": "GeometryCollection",
        "geometries": [
          {
            "type": "Point",
            "coordinates": [
              126.9596,
              37.5724
            ]
          }
        ]
      },
      "properties": {
        "CONTENTS_NAME": "독립문",
        "IMG_MAIN_URL": "http://sajeok.i815.or.kr/815/content/i815/HL01_1405_03.jpg",
        "ADDR_OLD": "서울특별시 서대문구 현저동 941",
        "ADDR_NEW": "서울특별시 서대문구 통일로 251",
        "COORD_DATA": "[126.959554831,37.572417161]",
        "COORD_X": "126.959554831",
        "COORD_Y": "37.572417161",
        "TEL_NO": "",
        "CONTENTS_DETAIL": "",
        "CONTENTS_STATUS": "1",
        "EXTRA_DATA_01": "",
        "EXTRA_DATA_02": "",
        "NAME_01": "기본정보",
        "VALUE_01": "- 사적지 분류: 등급분류 제외(항일운동) \r\n- 운동계열분류: 한말구국운동 \r\n- 종류: 기타(석문) \r\n- 상태: 부분변형 / 1979년 성산대로 공사로 사직터널과 금화터널을 잇는 고가도로가 놓이면서 원 위치에서 서북쪽으로 70m 떨어진 지점으로 옮겨져 지금에 이르고 있다. 길 한복판 원 위치에는 '독립문지, 이전일자 1979.7.13. 서울특별시장'이라고 새긴 기념동판이 묻혀 있다. \r\n- 정의: 독립협회가 조선이 청국으로부터 자주 독립한 사실을 내외에 알리기 위해 사대외교의 표상인 영은문을 헐고 그 자리에 세운 석문이 있는 곳 \r\n",
        "NAME_02": "관련정보",
        "VALUE_02": "- 관련 조직: 독립협회  \r\n- 관련 인물: 서재필(徐載弼)  \r\n",
        "NAME_03": "관련 내용1",
        "VALUE_03": "독립문(獨立門)은 1896년 7월 서재필(徐載弼)의 발의로 창립된 독립협회의 주도하에 조선이 청국으로부터 자주 독립한 사실을 내외에 알리기 위해 중국사신을 영접하던 사대외교의 표상인 영은문(迎恩門)을 헐고 그 자리에 세운 기념 건축물로, 왕실과 관료, 그리고 일반의 기부를 받아 같은 해 11월 21일 정초식을 거행하고, 1년 뒤인 1897년 11월 20일 완공하였다.\r\n",
        "NAME_04": "관련 내용2",
        "VALUE_04": "높이 14.28m, 너비 11.48m로 화강석을 쌓아 만들었는데, 가운데 홍예문(虹霓門)이 있고, 내부 왼쪽에 옥상으로 통하는 돌층계가 있으며, 꼭대기에는 돌난간이 둘러져 있다. 홍예문 가운데 이맛돌에는 대한제국 황실의 상징인 오얏꽃무늬가 새겨져 있고, 그 위 앞뒤에는 한글과 한자로 쓰여진 '독립문'이라는 글씨 양옆에 태극기를 새긴 현판석이 자리하고 있다. 프랑스 파리의 개선문을 본떠 만들었다고 하는데, 문앞에 사적 제33호로 지정된 영은문 주춧돌 2개를 그대로 남겨두어 사대와 독립의 의미를 대비시켰다. ",
        "NAME_05": "",
        "VALUE_05": "",
        "NAME_06": "",
        "VALUE_06": "",
        "NAME_07": "참고 문헌",
        "VALUE_07": "- 「경성시가전도」(1910) ; 서울역사박물관, 『서울지도』, 2006, 30쪽. \r\n- 서울특별시사편찬위원회, 『서울육백년사 -문화유적편-』, 1987, 671~686쪽.\r\n- 신용하, 「독립문·독립관·독립공원의 건립과 변천」, 『향토서울』 59, 1999, 87~92쪽. ",
        "NAME_08": "지역정보",
        "VALUE_08": "- 위치 고증: 「경성시가전도」(1910)에 서대문형무소 동남쪽으로 독립문의 위치가 표기되어 있다.  ",
        "NAME_09": "※자료 출처",
        "VALUE_09": "국내 독립운동/국가수호 사적지 웹사이트( http://sajeok.i815.or.kr )과 서울 독립운동사적지 조사보고서(2008년)를 참고하여 제작하였습니다. \r\n현장 사진은 2015년 현장조사를 토대로 수정되었음을 알려 드립니다.",
        "NAME_10": "조사기간;;;;2015.6.1.~26.",
        "VALUE_10": "",
        "NAME_11": "",
        "VALUE_11": "",
        "NAME_12": "",
        "VALUE_12": "",
        "NAME_13": "",
        "VALUE_13": "",
        "NAME_14": "",
        "VALUE_14": "",
        "NAME_15": "",
        "VALUE_15": "",
        "NAME_16": "",
        "VALUE_16": "",
        "NAME_17": "",
        "VALUE_17": "",
        "NAME_18": "",
        "VALUE_18": "",
        "NAME_19": "",
        "VALUE_19": "",
        "NAME_20": "",
        "VALUE_20": "",
        "COORD_TYPE": "1",
        "LINE_PATTERN": "",
        "LINE_COLOR": "",
        "LINE_WEIGHT": "",
        "MOVIE_URL": "",
        "VOICE_URL": "",
        "NATION_BASE_AREA": "03732",
        "NATION_POINT_NUMBER": "다사52275269",
        "LAN_TYPE": "",
        "KEYWORD": "",
        "SUB_ID": "4",
        "COT_CRTFC_YN": ""
      },
      "id": "12"
    },
    {
      "type": "Feature",
      "geometry": {
        "type": "GeometryCollection",
        "geometries": [
          {
            "type": "Point",
            "coordinates": [
              126.9872,
              37.5809
            ]
          }
        ]
      },
      "properties": {
        "CONTENTS_NAME": "3·1운동 단일화 합의 장소 - 김성수 숙소 터",
        "IMG_MAIN_URL": "http://sajeok.i815.or.kr/815/content/i815/HL01_0203_02.jpg",
        "ADDR_OLD": "서울특별시 종로구 계동 132-1",
        "ADDR_NEW": "서울특별시 종로구 계동길 84-6",
        "COORD_DATA": "[126.9872301,37.5808738]",
        "COORD_X": "126.987230100",
        "COORD_Y": "37.580873800",
        "TEL_NO": "",
        "CONTENTS_DETAIL": "",
        "CONTENTS_STATUS": "1",
        "EXTRA_DATA_01": "",
        "EXTRA_DATA_02": "",
        "NAME_01": "기본정보",
        "VALUE_01": "- 사적지 분류: 국내항일운동사적지 \r\n- 운동계열분류: 3·1운동 \r\n- 종류: 가옥 \r\n- 상태: 멸실 / 현재 2층 양옥이 들어서 있다. \r\n- 정의: 기독교계 지도자 이승훈이 송진우를 만나 천도교 측의 거사 제의를 받고 독립운동(3·1운동)의 일원화 문제를 처음 논의한 곳",
        "NAME_02": "관련정보",
        "VALUE_02": "- 관련 사건: 1919 3·1운동 \r\n\r- 관련 인물: 최린(崔麟)/송진우(宋鎭禹)/현상윤(玄相允)/최남선(崔南善)/김사용(金思容)/이승훈(李昇薰)",
        "NAME_03": "관련 내용1",
        "VALUE_03": "1919년 2월 초순 재동 최린의 집과 계동 김사용의 집(김성수의 숙소)에 중앙고보 숙직실에 모여 독립운동 거사를 모의하기 시작한 최린·송진우·현상윤·최남선은 독립선언서에 서명할 민족대표로 처음에 박영효·윤용구·한규설·김윤식 등 대한제국 시절 요직에 있었던 명망가들을 추대하기로 하였다. 그러나 이것이 여의치 않자 천도교계와 기독교계를 중심으로 거사를 추진하기로 하고, 최남선이 나서 평안도 기독교계의 지도자로 활약하던 이승훈과 접촉을 시도하였다.",
        "NAME_04": "관련 내용2",
        "VALUE_04": "1919년 2월 11일 최남선의 편지를 받고 급거 상경한 이승훈은 계동 김사용의 집(김성수의 숙소)에서 최남선을 대신해 나온 송진우와 만났다. 이 자리에서 송진우는 이승훈에게 독립운동 거사계획을 알리고 기독교 측의 참가를 요청하며 동지규합의 일을 부탁하였다. 이승훈은 그 자리에서 송진우의 제의를 받아들이고 동지 규합을 위해 당일 평안북도 선천으로 돌아갔다. 이처럼 계동 김사용의 집(김성수 의 숙소)는 천도교 측과 기독교 측이 간접적으로나마 송진우를 매개로 첫 접촉을 갖고 독립운동 일원화의 계기를 마련한 장소이다",
        "NAME_05": "",
        "VALUE_05": "",
        "NAME_06": "",
        "VALUE_06": "",
        "NAME_07": "참고 문헌",
        "VALUE_07": "- 독립운동사편찬위원회, 『독립운동사자료집』5, 1972, 16∼17, 81∼82쪽.\n- 국사편찬위원회, 『한민족독립운동사자료집』12, 1990, 160∼161쪽.\n- 국사편찬위원회, 『한민족독립운동사자료집』19, 1994, 22∼24쪽.\n- 동아일보사, 『인촌 김성수: 인촌 김성수의 사상과 일화』, 1986, 121∼122쪽.",
        "NAME_08": "지역정보",
        "VALUE_08": "- 도시 주소: 경성부 계동 130 \r\n- 위치 고증 : 1919년 10월 28일 고등법원의「이인환(이승훈) 신문조서(제3회)」(『한민족독립운동사자료집』12)에 관련 사실이 기록되어 있으며, 1919년 11월 22일 경성지방법원의 이춘균 등의 「공판시말서」(『한민족독립운동사자료집』19)에 당시 김사용(김성수 숙소)의 집 주소지가 기록되어 있다. 이승훈과 송진우가 만난 김성수 숙소(김사용 집)의 위치와 관련해서는『인촌 김성수』121쪽에 3·1운동 당시 중앙학교를 경영하던 김성수가 경성부 계동 130번지 김사용의 집에서 숙식을 해결했다는 기록이 있다.",
        "NAME_09": "※자료 출처",
        "VALUE_09": "국내 독립운동/국가수호 사적지 웹사이트( http://sajeok.i815.or.kr )과 서울 독립운동사적지 조사보고서(2008년)를 참고하여 제작하였습니다. \r\n현장 사진은 2015년 현장조사를 토대로 수정되었음을 알려 드립니다.",
        "NAME_10": "조사기간;;;;2015.6.1.~26.",
        "VALUE_10": "",
        "NAME_11": "",
        "VALUE_11": "",
        "NAME_12": "",
        "VALUE_12": "",
        "NAME_13": "",
        "VALUE_13": "",
        "NAME_14": "",
        "VALUE_14": "",
        "NAME_15": "",
        "VALUE_15": "",
        "NAME_16": "",
        "VALUE_16": "",
        "NAME_17": "",
        "VALUE_17": "",
        "NAME_18": "",
        "VALUE_18": "",
        "NAME_19": "",
        "VALUE_19": "",
        "NAME_20": "",
        "VALUE_20": "",
        "COORD_TYPE": "1",
        "LINE_PATTERN": "",
        "LINE_COLOR": "",
        "LINE_WEIGHT": "",
        "MOVIE_URL": "",
        "VOICE_URL": "",
        "NATION_BASE_AREA": "03057",
        "NATION_POINT_NUMBER": "다사54725362",
        "LAN_TYPE": "",
        "KEYWORD": "",
        "SUB_ID": "1",
        "COT_CRTFC_YN": ""
      },
      "id": "13"
    },
    {
      "type": "Feature",
      "geometry": {
        "type": "GeometryCollection",
        "geometries": [
          {
            "type": "Point",
            "coordinates": [
              126.9947,
              37.5203
            ]
          }
        ]
      },
      "properties": {
        "CONTENTS_NAME": "서빙고부근",
        "IMG_MAIN_URL": "",
        "ADDR_OLD": "서울특별시 용산구 서빙고동 155-1",
        "ADDR_NEW": "서울특별시 용산구 서빙고로 279",
        "COORD_DATA": "[126.994650109,37.5202832]",
        "COORD_X": "126.994650109",
        "COORD_Y": "37.520283200",
        "TEL_NO": "",
        "CONTENTS_DETAIL": "",
        "CONTENTS_STATUS": "1",
        "EXTRA_DATA_01": "",
        "EXTRA_DATA_02": "",
        "NAME_01": "서빙고",
        "VALUE_01": "서빙고에서 운동이 잦아든 4월 8일에 나남으로 가는 군용열차에 돌을 던지는 자가 있었다는 점도 서빙고 사건의 여파라고 볼 수 있을 것 같다.",
        "NAME_02": "",
        "VALUE_02": "",
        "NAME_03": "",
        "VALUE_03": "",
        "NAME_04": "",
        "VALUE_04": "",
        "NAME_05": "※자료 출처",
        "VALUE_05": "경성과 평양의 3.1 운동 / 서울역사박물관 발간도서와 삼일대로 일대 3.1운동 기념 대표가로 조성 방향 및 향추 추진계획 보고서를 참고하여 등록하였습니다. \n3.1운동 이동경로는 도서 내용 토대로 일부 수정되었음을 알려 드립니다.",
        "NAME_06": "",
        "VALUE_06": "",
        "NAME_07": "",
        "VALUE_07": "",
        "NAME_08": "",
        "VALUE_08": "",
        "NAME_09": "",
        "VALUE_09": "",
        "NAME_10": "",
        "VALUE_10": "",
        "NAME_11": "",
        "VALUE_11": "",
        "NAME_12": "",
        "VALUE_12": "",
        "NAME_13": "",
        "VALUE_13": "",
        "NAME_14": "",
        "VALUE_14": "",
        "NAME_15": "",
        "VALUE_15": "",
        "NAME_16": "",
        "VALUE_16": "",
        "NAME_17": "",
        "VALUE_17": "",
        "NAME_18": "",
        "VALUE_18": "",
        "NAME_19": "",
        "VALUE_19": "",
        "NAME_20": "",
        "VALUE_20": "",
        "COORD_TYPE": "1",
        "LINE_PATTERN": "",
        "LINE_COLOR": "",
        "LINE_WEIGHT": "",
        "MOVIE_URL": "",
        "VOICE_URL": "",
        "NATION_BASE_AREA": "04398",
        "NATION_POINT_NUMBER": "다사55344689",
        "LAN_TYPE": "",
        "KEYWORD": "",
        "SUB_ID": "3",
        "COT_CRTFC_YN": ""
      },
      "id": "14"
    },
    {
      "type": "Feature",
      "geometry": {
        "type": "GeometryCollection",
        "geometries": [
          {
            "type": "Point",
            "coordinates": [
              127.0217,
              37.5706
            ]
          }
        ]
      },
      "properties": {
        "CONTENTS_NAME": "왕십리",
        "IMG_MAIN_URL": "",
        "ADDR_OLD": "서울특별시 중구 황학동 2545",
        "ADDR_NEW": "서울특별시 중구 청계천로 400",
        "COORD_DATA": "[127.021671015,37.570640304]",
        "COORD_X": "127.021671015",
        "COORD_Y": "37.570640304",
        "TEL_NO": "",
        "CONTENTS_DETAIL": "",
        "CONTENTS_STATUS": "1",
        "EXTRA_DATA_01": "",
        "EXTRA_DATA_02": "",
        "NAME_01": "왕십리",
        "VALUE_01": "23일은 경성 부근 곳곳에서 만세 시위가 동시에 벌어진 날이다. 왕십리에서도 홍광옥 등 다수의 군중이 밤에 산에서 '조선 독립 만세'를 외치며 시위를 벌였다, 왕십리 부근의 산이라면 아마도 응봉산으로 생각된다. 밤에 산에서 (횃불을 들고) 시위를 벌이는 이른바 '산상 시위'형태는 농촌 지역에서 많이 보이는 시위방식이다. 왕십리 산상 시위는 경성 부든에서는 거의 유일한 산상 시위이다. 왕십리에서는 26일에도 다시 150여 명의 군중이 독립 만세를 부르다가 해산당했다.",
        "NAME_02": "",
        "VALUE_02": "",
        "NAME_03": "",
        "VALUE_03": "",
        "NAME_04": "",
        "VALUE_04": "",
        "NAME_05": "※자료 출처",
        "VALUE_05": "경성과 평양의 3.1 운동 / 서울역사박물관 발간도서와 삼일대로 일대 3.1운동 기념 대표가로 조성 방향 및 향추 추진계획 보고서를 참고하여 등록하였습니다. \n3.1운동 이동경로는 도서 내용 토대로 일부 수정되었음을 알려 드립니다.",
        "NAME_06": "",
        "VALUE_06": "",
        "NAME_07": "",
        "VALUE_07": "",
        "NAME_08": "",
        "VALUE_08": "",
        "NAME_09": "",
        "VALUE_09": "",
        "NAME_10": "",
        "VALUE_10": "",
        "NAME_11": "",
        "VALUE_11": "",
        "NAME_12": "",
        "VALUE_12": "",
        "NAME_13": "",
        "VALUE_13": "",
        "NAME_14": "",
        "VALUE_14": "",
        "NAME_15": "",
        "VALUE_15": "",
        "NAME_16": "",
        "VALUE_16": "",
        "NAME_17": "",
        "VALUE_17": "",
        "NAME_18": "",
        "VALUE_18": "",
        "NAME_19": "",
        "VALUE_19": "",
        "NAME_20": "",
        "VALUE_20": "",
        "COORD_TYPE": "1",
        "LINE_PATTERN": "",
        "LINE_COLOR": "",
        "LINE_WEIGHT": "",
        "MOVIE_URL": "",
        "VOICE_URL": "",
        "NATION_BASE_AREA": "04572",
        "NATION_POINT_NUMBER": "다사57765247",
        "LAN_TYPE": "",
        "KEYWORD": "",
        "SUB_ID": "3",
        "COT_CRTFC_YN": ""
      },
      "id": "15"
    },
    {
      "type": "Feature",
      "geometry": {
        "type": "GeometryCollection",
        "geometries": [
          {
            "type": "Point",
            "coordinates": [
              126.9848,
              37.572
            ]
          }
        ]
      },
      "properties": {
        "CONTENTS_NAME": "인사동 요리점 명월관",
        "IMG_MAIN_URL": "",
        "ADDR_OLD": "서울특별시 종로구 인사동 194-27",
        "ADDR_NEW": "서울특별시 종로구 인사동5길 29",
        "COORD_DATA": "[126.984844881,37.57200477]",
        "COORD_X": "126.984844881",
        "COORD_Y": "37.572004770",
        "TEL_NO": "",
        "CONTENTS_DETAIL": "",
        "CONTENTS_STATUS": "1",
        "EXTRA_DATA_01": "",
        "EXTRA_DATA_02": "",
        "NAME_01": "인사동 요리점 명월관",
        "VALUE_01": "민족대표 33인이 선언서를 낭독한 곳",
        "NAME_02": "",
        "VALUE_02": "",
        "NAME_03": "",
        "VALUE_03": "",
        "NAME_04": "",
        "VALUE_04": "",
        "NAME_05": "",
        "VALUE_05": "",
        "NAME_06": "",
        "VALUE_06": "",
        "NAME_07": "",
        "VALUE_07": "",
        "NAME_08": "",
        "VALUE_08": "",
        "NAME_09": "",
        "VALUE_09": "",
        "NAME_10": "",
        "VALUE_10": "",
        "NAME_11": "",
        "VALUE_11": "",
        "NAME_12": "",
        "VALUE_12": "",
        "NAME_13": "",
        "VALUE_13": "",
        "NAME_14": "",
        "VALUE_14": "",
        "NAME_15": "",
        "VALUE_15": "",
        "NAME_16": "",
        "VALUE_16": "",
        "NAME_17": "",
        "VALUE_17": "",
        "NAME_18": "",
        "VALUE_18": "",
        "NAME_19": "",
        "VALUE_19": "",
        "NAME_20": "",
        "VALUE_20": "",
        "COORD_TYPE": "1",
        "LINE_PATTERN": "",
        "LINE_COLOR": "",
        "LINE_WEIGHT": "",
        "MOVIE_URL": "",
        "VOICE_URL": "",
        "NATION_BASE_AREA": "03162",
        "NATION_POINT_NUMBER": "다사54505263",
        "LAN_TYPE": "",
        "KEYWORD": "",
        "SUB_ID": "4",
        "COT_CRTFC_YN": ""
      },
      "id": "16"
    },
    {
      "type": "Feature",
      "geometry": {
        "type": "GeometryCollection",
        "geometries": [
          {
            "type": "Point",
            "coordinates": [
              126.9435,
              37.5406
            ]
          }
        ]
      },
      "properties": {
        "CONTENTS_NAME": "용강면(흥영여학교)",
        "IMG_MAIN_URL": "",
        "ADDR_OLD": "서울특별시 마포구 용강동 508-3",
        "ADDR_NEW": "서울특별시 마포구 토정로35길 11",
        "COORD_DATA": "[126.943474363,37.540595476]",
        "COORD_X": "126.943474363",
        "COORD_Y": "37.540595476",
        "TEL_NO": "",
        "CONTENTS_DETAIL": "",
        "CONTENTS_STATUS": "1",
        "EXTRA_DATA_01": "",
        "EXTRA_DATA_02": "",
        "NAME_01": "흥영여학교",
        "VALUE_01": "3월 5일 흥영여학교 시위의 개요는 다음과 같다. 용강면 동막상리에 사는 정호석이라는 사람이 오전 9시 반경 왼손 무명지를 깨물어 피를 낸 흰 무명에 태극기를 그리고 대나무를 매달아 집을 나섰다. 그는 11시경 사립 흥영여학교에 도착하여 교사와 학생들에게 만세 시위에 참여할 것을 요구했다. 그리하여 교사와 학생 등 수십여 명이 학교를 나와 공덕리까지 '조선 독립 만세'를 외치면 행진했다.",
        "NAME_02": "",
        "VALUE_02": "",
        "NAME_03": "",
        "VALUE_03": "",
        "NAME_04": "",
        "VALUE_04": "",
        "NAME_05": "※자료 출처",
        "VALUE_05": "경성과 평양의 3.1 운동 / 서울역사박물관 발간도서와 삼일대로 일대 3.1운동 기념 대표가로 조성 방향 및 향추 추진계획 보고서를 참고하여 등록하였습니다. \n3.1운동 이동경로는 도서 내용 토대로 일부 수정되었음을 알려 드립니다.",
        "NAME_06": "",
        "VALUE_06": "",
        "NAME_07": "",
        "VALUE_07": "",
        "NAME_08": "",
        "VALUE_08": "",
        "NAME_09": "",
        "VALUE_09": "",
        "NAME_10": "",
        "VALUE_10": "",
        "NAME_11": "",
        "VALUE_11": "",
        "NAME_12": "",
        "VALUE_12": "",
        "NAME_13": "",
        "VALUE_13": "",
        "NAME_14": "",
        "VALUE_14": "",
        "NAME_15": "",
        "VALUE_15": "",
        "NAME_16": "",
        "VALUE_16": "",
        "NAME_17": "",
        "VALUE_17": "",
        "NAME_18": "",
        "VALUE_18": "",
        "NAME_19": "",
        "VALUE_19": "",
        "NAME_20": "",
        "VALUE_20": "",
        "COORD_TYPE": "1",
        "LINE_PATTERN": "",
        "LINE_COLOR": "",
        "LINE_WEIGHT": "",
        "MOVIE_URL": "",
        "VOICE_URL": "",
        "NATION_BASE_AREA": "04166",
        "NATION_POINT_NUMBER": "다사50834917",
        "LAN_TYPE": "",
        "KEYWORD": "",
        "SUB_ID": "3",
        "COT_CRTFC_YN": ""
      },
      "id": "17"
    },
    {
      "type": "Feature",
      "geometry": {
        "type": "GeometryCollection",
        "geometries": [
          {
            "type": "Point",
            "coordinates": [
              126.9765,
              37.5651
            ]
          }
        ]
      },
      "properties": {
        "CONTENTS_NAME": "대한문 앞",
        "IMG_MAIN_URL": "http://sajeok.i815.or.kr/815/content/i815/HL01_0907_03.jpg",
        "ADDR_OLD": "서울특별시 중구 정동 5-1",
        "ADDR_NEW": "서울특별시 중구 세종대로 99",
        "COORD_DATA": "[126.976501633,37.565075042]",
        "COORD_X": "126.976501633",
        "COORD_Y": "37.565075042",
        "TEL_NO": "",
        "CONTENTS_DETAIL": "",
        "CONTENTS_STATUS": "1",
        "EXTRA_DATA_01": "",
        "EXTRA_DATA_02": "",
        "NAME_01": "기본정보",
        "VALUE_01": "- 사적지 분류: 국내항일운동사적지 \r\n- 운동계열분류: 3·1운동 \r\n- 종류: 거리 \r\n- 상태: 부분변형 / 대한문 앞에서 현 서울광장 일부를 포함하는 거리인데, 현재는 도로 확장으로 당시의 모습이 많이 바뀌었다. \r\n- 정의: 1919년 3월 1일 오후 3시경 수많은 학생과 시민들이 운집한 가운데 독립연설회를 개최하고 만세시위를 벌인 곳 \r\n",
        "NAME_02": "관련정보",
        "VALUE_02": "- 관련 사건: 1919.3.1 대한문 앞 독립만세시위 \r\n\n\r\n",
        "NAME_03": "관련 내용1",
        "VALUE_03": "1919년 3월 1일 오후 2시 반 탑골공원에서 독립선언식을 마친 학생과 시민 수천 명은 종로거리로 나와 시민들의 환호를 받으며 여러 대열로 나뉘어 시가행진을 시작하였다. 이어 오후 3시경 덕수궁 대한문 앞에 다다른 시위대는 광장에서 '대한독립만세'를 부른 뒤 독립연설회를 개최하였다. 시위대의 일부는 고종 황제의 빈전(殯殿) 근처까지 들어가 조문을 하였다.",
        "NAME_04": "관련 내용2",
        "VALUE_04": "이후 시위대는 몇 대로 나뉘어 일부는 미국총영사관에 이르러 만세를 불렀고, 다른 대열 약 2천명은 조선총독부를 향해 시가 행진을 벌였으나 본정통(현 충무로) 입구에서 일제 관헌과 대치하였다. ",
        "NAME_05": "",
        "VALUE_05": "",
        "NAME_06": "",
        "VALUE_06": "",
        "NAME_07": "참고 문헌",
        "VALUE_07": "- 「경성부시가강계도」(1914) ; 서울역사박물관, 『서울지도』, 2006, 41~43쪽. \r\n- 『매일신보』, 1919년 3월 7일, 「각지소요사건 : 경기도 - 경성」. \r\n- 「獨立運動에 關한 件(第2報)」, 1919년 3월 1일 ; 姜德相, 『現代史資料』 25(朝鮮1), 東京: みすず書房, 1966, 284쪽. ",
        "NAME_08": "지역정보",
        "VALUE_08": "- 당시 주소: 경성부 정동 3-1 \r\n- 위치 고증: 일본 육군성 문서인 「독립운동에 관한 건(제2보)」에 관련 사실이 기록되어 있다. 「경성부시가강계도」(1914)를 통해 당시 덕수궁 대한문의 위치와 대한문 앞 광장의 규모를 확인할 수 있다.  ",
        "NAME_09": "※자료 출처",
        "VALUE_09": "국내 독립운동/국가수호 사적지 웹사이트( http://sajeok.i815.or.kr )과 서울 독립운동사적지 조사보고서(2008년)를 참고하여 제작하였습니다. \r\n현장 사진은 2015년 현장조사를 토대로 수정되었음을 알려 드립니다.",
        "NAME_10": "조사기간;;;;2015.6.1.~26.",
        "VALUE_10": "",
        "NAME_11": "",
        "VALUE_11": "",
        "NAME_12": "",
        "VALUE_12": "",
        "NAME_13": "",
        "VALUE_13": "",
        "NAME_14": "",
        "VALUE_14": "",
        "NAME_15": "",
        "VALUE_15": "",
        "NAME_16": "",
        "VALUE_16": "",
        "NAME_17": "",
        "VALUE_17": "",
        "NAME_18": "",
        "VALUE_18": "",
        "NAME_19": "",
        "VALUE_19": "",
        "NAME_20": "",
        "VALUE_20": "",
        "COORD_TYPE": "1",
        "LINE_PATTERN": "",
        "LINE_COLOR": "",
        "LINE_WEIGHT": "",
        "MOVIE_URL": "",
        "VOICE_URL": "",
        "NATION_BASE_AREA": "04519",
        "NATION_POINT_NUMBER": "다사53765187",
        "LAN_TYPE": "",
        "KEYWORD": "",
        "SUB_ID": "4",
        "COT_CRTFC_YN": ""
      },
      "id": "18"
    },
    {
      "type": "Feature",
      "geometry": {
        "type": "GeometryCollection",
        "geometries": [
          {
            "type": "Point",
            "coordinates": [
              126.9337,
              37.5577
            ]
          }
        ]
      },
      "properties": {
        "CONTENTS_NAME": "창천리",
        "IMG_MAIN_URL": "",
        "ADDR_OLD": "서울특별시 서대문구 창천동 53-38",
        "ADDR_NEW": "서울특별시 서대문구 연세로5나길 30-3",
        "COORD_DATA": "[126.933659705,37.557681088]",
        "COORD_X": "126.933659705",
        "COORD_Y": "37.557681088",
        "TEL_NO": "",
        "CONTENTS_DETAIL": "",
        "CONTENTS_STATUS": "1",
        "EXTRA_DATA_01": "",
        "EXTRA_DATA_02": "",
        "NAME_01": "창천리",
        "VALUE_01": "경성시외에서는 3월 23일 오후 8시부터 고양군 동묘리, 돈암리, 청량리, 왕십리, 마포, 양화진, 수색, 녹번현, 동막, 당인리, 행주, 창천리, 구파발리 등 각지에서 50명 내지 1천명의 군중이 독립 만세를 불렀는데 모두 다음날 24일 오전 0시에는 진정되었다. 그리고 동대문 내외 청량리와 동묘리 부근의 군중이 운전중인 전차에 투석하여 전차 20대의 유리창 105매를 파괴했다.",
        "NAME_02": "",
        "VALUE_02": "",
        "NAME_03": "",
        "VALUE_03": "",
        "NAME_04": "",
        "VALUE_04": "",
        "NAME_05": "※자료 출처",
        "VALUE_05": "경성과 평양의 3.1 운동 / 서울역사박물관 발간도서와 삼일대로 일대 3.1운동 기념 대표가로 조성 방향 및 향추 추진계획 보고서를 참고하여 등록하였습니다. \n3.1운동 이동경로는 도서 내용 토대로 일부 수정되었음을 알려 드립니다.",
        "NAME_06": "",
        "VALUE_06": "",
        "NAME_07": "",
        "VALUE_07": "",
        "NAME_08": "",
        "VALUE_08": "",
        "NAME_09": "",
        "VALUE_09": "",
        "NAME_10": "",
        "VALUE_10": "",
        "NAME_11": "",
        "VALUE_11": "",
        "NAME_12": "",
        "VALUE_12": "",
        "NAME_13": "",
        "VALUE_13": "",
        "NAME_14": "",
        "VALUE_14": "",
        "NAME_15": "",
        "VALUE_15": "",
        "NAME_16": "",
        "VALUE_16": "",
        "NAME_17": "",
        "VALUE_17": "",
        "NAME_18": "",
        "VALUE_18": "",
        "NAME_19": "",
        "VALUE_19": "",
        "NAME_20": "",
        "VALUE_20": "",
        "COORD_TYPE": "1",
        "LINE_PATTERN": "",
        "LINE_COLOR": "",
        "LINE_WEIGHT": "",
        "MOVIE_URL": "",
        "VOICE_URL": "",
        "NATION_BASE_AREA": "03787",
        "NATION_POINT_NUMBER": "다사49975107",
        "LAN_TYPE": "",
        "KEYWORD": "",
        "SUB_ID": "3",
        "COT_CRTFC_YN": ""
      },
      "id": "19"
    },
    {
      "type": "Feature",
      "geometry": {
        "type": "GeometryCollection",
        "geometries": [
          {
            "type": "Point",
            "coordinates": [
              127.0227,
              37.5642
            ]
          }
        ]
      },
      "properties": {
        "CONTENTS_NAME": "왕십리공립보통학교",
        "IMG_MAIN_URL": "",
        "ADDR_OLD": "서울특별시 중구 신당동 161",
        "ADDR_NEW": "서울특별시 중구 퇴계로90길 17",
        "COORD_DATA": "[127.022702719,37.564167933]",
        "COORD_X": "127.022702719",
        "COORD_Y": "37.564167933",
        "TEL_NO": "",
        "CONTENTS_DETAIL": "",
        "CONTENTS_STATUS": "1",
        "EXTRA_DATA_01": "",
        "EXTRA_DATA_02": "",
        "NAME_01": "왕십리공립보통학교",
        "VALUE_01": "3월 9일 왕십리공립보통학교 교정에서는 약 300여 명의 하왕십리 주민이 모여 만세 시위를 벌였다. 현장에서 체포된 주동자급의 정철근은 경성지방법원 판결에 불복하여 복심법원, 고등법원까지 상고하며 끈질기게 자기 행위의 정당성을 주장했다.",
        "NAME_02": "",
        "VALUE_02": "",
        "NAME_03": "",
        "VALUE_03": "",
        "NAME_04": "",
        "VALUE_04": "",
        "NAME_05": "※자료 출처",
        "VALUE_05": "경성과 평양의 3.1 운동 / 서울역사박물관 발간도서와 삼일대로 일대 3.1운동 기념 대표가로 조성 방향 및 향추 추진계획 보고서를 참고하여 등록하였습니다. \n3.1운동 이동경로는 도서 내용 토대로 일부 수정되었음을 알려 드립니다.",
        "NAME_06": "",
        "VALUE_06": "",
        "NAME_07": "",
        "VALUE_07": "",
        "NAME_08": "",
        "VALUE_08": "",
        "NAME_09": "",
        "VALUE_09": "",
        "NAME_10": "",
        "VALUE_10": "",
        "NAME_11": "",
        "VALUE_11": "",
        "NAME_12": "",
        "VALUE_12": "",
        "NAME_13": "",
        "VALUE_13": "",
        "NAME_14": "",
        "VALUE_14": "",
        "NAME_15": "",
        "VALUE_15": "",
        "NAME_16": "",
        "VALUE_16": "",
        "NAME_17": "",
        "VALUE_17": "",
        "NAME_18": "",
        "VALUE_18": "",
        "NAME_19": "",
        "VALUE_19": "",
        "NAME_20": "",
        "VALUE_20": "",
        "COORD_TYPE": "1",
        "LINE_PATTERN": "",
        "LINE_COLOR": "",
        "LINE_WEIGHT": "",
        "MOVIE_URL": "",
        "VOICE_URL": "",
        "NATION_BASE_AREA": "04579",
        "NATION_POINT_NUMBER": "다사57845175",
        "LAN_TYPE": "",
        "KEYWORD": "",
        "SUB_ID": "3",
        "COT_CRTFC_YN": ""
      },
      "id": "2"
    },
    {
      "type": "Feature",
      "geometry": {
        "type": "GeometryCollection",
        "geometries": [
          {
            "type": "Point",
            "coordinates": [
              126.9826,
              37.5773
            ]
          }
        ]
      },
      "properties": {
        "CONTENTS_NAME": "옛 천도교 중앙총부 터",
        "IMG_MAIN_URL": "http://sajeok.i815.or.kr/815/content/i815/HL01_0227_02.jpg",
        "ADDR_OLD": "서울특별시 종로구 안국동 177-1",
        "ADDR_NEW": "서울특별시 종로구 율곡로3길 4",
        "COORD_DATA": "[126.982588698,37.577295063]",
        "COORD_X": "126.982588698",
        "COORD_Y": "37.577295063",
        "TEL_NO": "",
        "CONTENTS_DETAIL": "",
        "CONTENTS_STATUS": "1",
        "EXTRA_DATA_01": "",
        "EXTRA_DATA_02": "",
        "NAME_01": "기본정보",
        "VALUE_01": "- 사적지 분류: 국내항일운동사적지 \n- 운동계열분류: 3·1운동 \n- 종류: 건물 \n- 상태: 멸실 / 현재 덕성여자중학교의 교정으로 바뀌어 있다. \n- 정의:  3·1운동 당시 천도교 측의 유력한 거사추진 거점 가운데 하나였던 곳",
        "NAME_02": "관련정보",
        "VALUE_02": "- 관련 인물: 손병희/오세창/권동진/최린/이승훈/함태영",
        "NAME_03": "관련 내용",
        "VALUE_03": "『최린 자서전』에 따르면 민족대표의 선정을 비롯한 천도교 측의 독립운동 거사준비는 손병희(孫秉熙)의 지도 아래 권동진(權東鎭)·오세창(吳世昌)·최린(崔麟) 3인이 수시로 회합하여 추진했다고 하는데, 그 주요 거점 가운데 하나가 경성부 송현동 천도교 중앙총부였다. 김양선의 논문에는 1919년 2월 24일 기독교측 대표 이승훈(李昇薰)과 함태영(咸台永)이 천도교 총부로 찾아가 천도교측과 합동으로 거사를 결행하기로 방침을 결정했다고 알리자, 손병희가 최린을 불러 함태영과 함께 구체적인 절차를 논의토록 지시했다고 기록되어 있다. 그러나 근거자료가 명확치 않아 정확한 사실 여부를 확인하기는 어렵다.",
        "NAME_04": "",
        "VALUE_04": "",
        "NAME_05": "",
        "VALUE_05": "",
        "NAME_06": "",
        "VALUE_06": "",
        "NAME_07": "",
        "VALUE_07": "",
        "NAME_08": "",
        "VALUE_08": "",
        "NAME_09": "※자료 출처",
        "VALUE_09": "경성과 평양의 3.1 운동 / 서울역사박물관 발간도서와 삼일대로 일대 3.1운동 기념 대표가로 조성 방향 및 향추 추진계획 보고서를 참고하여 등록하였습니다. \n3.1운동 이동경로는 도서 내용 토대로 일부 수정되었음을 알려 드립니다.",
        "NAME_10": "",
        "VALUE_10": "",
        "NAME_11": "",
        "VALUE_11": "",
        "NAME_12": "",
        "VALUE_12": "",
        "NAME_13": "",
        "VALUE_13": "",
        "NAME_14": "",
        "VALUE_14": "",
        "NAME_15": "",
        "VALUE_15": "",
        "NAME_16": "",
        "VALUE_16": "",
        "NAME_17": "",
        "VALUE_17": "",
        "NAME_18": "",
        "VALUE_18": "",
        "NAME_19": "",
        "VALUE_19": "",
        "NAME_20": "",
        "VALUE_20": "",
        "COORD_TYPE": "1",
        "LINE_PATTERN": "",
        "LINE_COLOR": "",
        "LINE_WEIGHT": "",
        "MOVIE_URL": "",
        "VOICE_URL": "",
        "NATION_BASE_AREA": "03061",
        "NATION_POINT_NUMBER": "다사54315322",
        "LAN_TYPE": "",
        "KEYWORD": "",
        "SUB_ID": "1",
        "COT_CRTFC_YN": ""
      },
      "id": "20"
    },
    {
      "type": "Feature",
      "geometry": {
        "type": "GeometryCollection",
        "geometries": [
          {
            "type": "Point",
            "coordinates": [
              126.9427,
              37.5442
            ]
          }
        ]
      },
      "properties": {
        "CONTENTS_NAME": "동막(추정)",
        "IMG_MAIN_URL": "",
        "ADDR_OLD": "서울특별시 마포구 대흥동 660",
        "ADDR_NEW": "서울특별시 마포구 독막로 266",
        "COORD_DATA": "[126.942672373,37.544245672]",
        "COORD_X": "126.942672373",
        "COORD_Y": "37.544245672",
        "TEL_NO": "",
        "CONTENTS_DETAIL": "",
        "CONTENTS_STATUS": "1",
        "EXTRA_DATA_01": "",
        "EXTRA_DATA_02": "",
        "NAME_01": "동막 일대",
        "VALUE_01": "동막 일대에서는 26일에도 밤 8~9시 수백 명의 군중이 만세를 부르는 등 시위가 있었다. 동막의 '불온한' 기운은 4월초까지 이어졌다. 조선주차군사령부의 보고에 의하면 경성 시내는 표면상 평온을 되찾은 가운데 동막에서는 임시군용전화선을 절단하는 사건이 발생하기도 했다.",
        "NAME_02": "",
        "VALUE_02": "",
        "NAME_03": "",
        "VALUE_03": "",
        "NAME_04": "",
        "VALUE_04": "",
        "NAME_05": "※자료 출처",
        "VALUE_05": "경성과 평양의 3.1 운동 / 서울역사박물관 발간도서와 삼일대로 일대 3.1운동 기념 대표가로 조성 방향 및 향추 추진계획 보고서를 참고하여 등록하였습니다. \n3.1운동 이동경로는 도서 내용 토대로 일부 수정되었음을 알려 드립니다.",
        "NAME_06": "",
        "VALUE_06": "",
        "NAME_07": "",
        "VALUE_07": "",
        "NAME_08": "",
        "VALUE_08": "",
        "NAME_09": "",
        "VALUE_09": "",
        "NAME_10": "",
        "VALUE_10": "",
        "NAME_11": "",
        "VALUE_11": "",
        "NAME_12": "",
        "VALUE_12": "",
        "NAME_13": "",
        "VALUE_13": "",
        "NAME_14": "",
        "VALUE_14": "",
        "NAME_15": "",
        "VALUE_15": "",
        "NAME_16": "",
        "VALUE_16": "",
        "NAME_17": "",
        "VALUE_17": "",
        "NAME_18": "",
        "VALUE_18": "",
        "NAME_19": "",
        "VALUE_19": "",
        "NAME_20": "",
        "VALUE_20": "",
        "COORD_TYPE": "1",
        "LINE_PATTERN": "",
        "LINE_COLOR": "",
        "LINE_WEIGHT": "",
        "MOVIE_URL": "",
        "VOICE_URL": "",
        "NATION_BASE_AREA": "04153",
        "NATION_POINT_NUMBER": "다사50764958",
        "LAN_TYPE": "",
        "KEYWORD": "",
        "SUB_ID": "3",
        "COT_CRTFC_YN": ""
      },
      "id": "21"
    },
    {
      "type": "Feature",
      "geometry": {
        "type": "GeometryCollection",
        "geometries": [
          {
            "type": "Point",
            "coordinates": [
              126.9813,
              37.5618
            ]
          }
        ]
      },
      "properties": {
        "CONTENTS_NAME": "선은전광장 3·1운동 만세시위지",
        "IMG_MAIN_URL": "http://sajeok.i815.or.kr/815/content/i815/HL01_1002_03.jpg",
        "ADDR_OLD": "서울특별시 중구 충무로1가 15-1",
        "ADDR_NEW": "서울특별시 중구 남대문로 39",
        "COORD_DATA": "[126.9812614,37.5617798]",
        "COORD_X": "126.981261400",
        "COORD_Y": "37.561779800",
        "TEL_NO": "",
        "CONTENTS_DETAIL": "",
        "CONTENTS_STATUS": "1",
        "EXTRA_DATA_01": "",
        "EXTRA_DATA_02": "",
        "NAME_01": "기본정보",
        "VALUE_01": "- 사적지 분류: 국내항일운동사적지 \n- 운동계열분류: 3·1운동 \n- 종류: 거리 \n- 상태: 부분변형 / 일부 모습이 바뀌기는 했지만, 대체로 당시의 원형을 유지하고 있다. 현재 한국은행 화폐금융박물관으로 사용되고 있다. \n- 정의: 1919년 3월 1일 독립만세를 부르며 남산 조선총독부를 향해 행진하던 수천 명의 시위대가 모여 독립만세시위를 벌인 곳",
        "NAME_02": "관련정보",
        "VALUE_02": "- 관련 사건: 1919 3·1운동",
        "NAME_03": "관련 내용",
        "VALUE_03": "1919년 3월 1일 탑골공원에서 독립선언식을 거행한 뒤, 오후 3시경 고종 황제의 빈전이 마련된 덕수궁 대한문 앞에 모여 독립만세를 부르고 연설을 한 시위대의 일단은 만세를 부르며 장곡천정(長谷川町, 현 소공로)을 거쳐 남산 조선총독부를 향해 행진하였다. 행렬이 조선은행(현 한국은행) 앞 광장에 이르자 학생과 시민들이 합류하여 인파가 3천명으로 늘어났다. 시위대는 총독부를 향해 본정통(本町通, 현 충무로)으로 들어서며 이를 저지하는 일제 군경과 맞섰다. 일부는 저지선을 뚫기도 했으나, 용산 조선군사령부에서 보병 3개 중대와 기병 1개 소대를 긴급히 배치함으로써 시위대는 강제 해산되었다.",
        "NAME_04": "",
        "VALUE_04": "",
        "NAME_05": "※자료 출처",
        "VALUE_05": "경성과 평양의 3.1 운동 / 서울역사박물관 발간도서와 삼일대로 일대 3.1운동 기념 대표가로 조성 방향 및 향추 추진계획 보고서를 참고하여 등록하였습니다. \n3.1운동 이동경로는 도서 내용 토대로 일부 수정되었음을 알려 드립니다.",
        "NAME_06": "",
        "VALUE_06": "",
        "NAME_07": "참고 문헌",
        "VALUE_07": "- 「홍일창 등 3인 판결문」, 1920년 10월 26일, 국가보훈처 공훈전자사료관.\n- 동아경제시보사, 『(대정10년) 조선은행회사요록』, 1921, 1쪽.\n- 「경성부시가강계도」(1914); 서울역사박물관, 『서울지도』, 2006, 42쪽. \n- 「독립운동에 관한 건(제2보」, 1919년 3월 1일; 강덕상 편, 『현대사자료』 25, 동경: みすず書房, 1966, 284쪽. \n- 독립운동사편찬위원회, 『독립운동사』 2, 1971, 109쪽.",
        "NAME_08": "",
        "VALUE_08": "",
        "NAME_09": "",
        "VALUE_09": "",
        "NAME_10": "",
        "VALUE_10": "",
        "NAME_11": "",
        "VALUE_11": "",
        "NAME_12": "",
        "VALUE_12": "",
        "NAME_13": "",
        "VALUE_13": "",
        "NAME_14": "",
        "VALUE_14": "",
        "NAME_15": "",
        "VALUE_15": "",
        "NAME_16": "",
        "VALUE_16": "",
        "NAME_17": "",
        "VALUE_17": "",
        "NAME_18": "",
        "VALUE_18": "",
        "NAME_19": "",
        "VALUE_19": "",
        "NAME_20": "",
        "VALUE_20": "",
        "COORD_TYPE": "1",
        "LINE_PATTERN": "",
        "LINE_COLOR": "",
        "LINE_WEIGHT": "",
        "MOVIE_URL": "",
        "VOICE_URL": "",
        "NATION_BASE_AREA": "04530",
        "NATION_POINT_NUMBER": "다사54185150",
        "LAN_TYPE": "",
        "KEYWORD": "",
        "SUB_ID": "3",
        "COT_CRTFC_YN": ""
      },
      "id": "22"
    },
    {
      "type": "Feature",
      "geometry": {
        "type": "GeometryCollection",
        "geometries": [
          {
            "type": "Point",
            "coordinates": [
              126.9427,
              37.541
            ]
          }
        ]
      },
      "properties": {
        "CONTENTS_NAME": "동막(추정)",
        "IMG_MAIN_URL": "",
        "ADDR_OLD": "서울특별시 마포구 용강동 111",
        "ADDR_NEW": "서울특별시 마포구 토정로 299",
        "COORD_DATA": "[126.942696993,37.540991557]",
        "COORD_X": "126.942696993",
        "COORD_Y": "37.540991557",
        "TEL_NO": "",
        "CONTENTS_DETAIL": "",
        "CONTENTS_STATUS": "1",
        "EXTRA_DATA_01": "",
        "EXTRA_DATA_02": "",
        "NAME_01": "동막 일대",
        "VALUE_01": "동막 일대에서는 26일에도 밤 8~9시 수백 명의 군중이 만세를 부르는 등 시위가 있었다. 동막의 '불온한' 기운은 4월초까지 이어졌다. 조선주차군사령부의 보고에 의하면 경성 시내는 표면상 평온을 되찾은 가운데 동막에서는 임시군용전화선을 절단하는 사건이 발생하기도 했다.",
        "NAME_02": "",
        "VALUE_02": "",
        "NAME_03": "",
        "VALUE_03": "",
        "NAME_04": "",
        "VALUE_04": "",
        "NAME_05": "※자료 출처",
        "VALUE_05": "경성과 평양의 3.1 운동 / 서울역사박물관 발간도서와 삼일대로 일대 3.1운동 기념 대표가로 조성 방향 및 향추 추진계획 보고서를 참고하여 등록하였습니다. \n3.1운동 이동경로는 도서 내용 토대로 일부 수정되었음을 알려 드립니다.",
        "NAME_06": "",
        "VALUE_06": "",
        "NAME_07": "",
        "VALUE_07": "",
        "NAME_08": "",
        "VALUE_08": "",
        "NAME_09": "",
        "VALUE_09": "",
        "NAME_10": "",
        "VALUE_10": "",
        "NAME_11": "",
        "VALUE_11": "",
        "NAME_12": "",
        "VALUE_12": "",
        "NAME_13": "",
        "VALUE_13": "",
        "NAME_14": "",
        "VALUE_14": "",
        "NAME_15": "",
        "VALUE_15": "",
        "NAME_16": "",
        "VALUE_16": "",
        "NAME_17": "",
        "VALUE_17": "",
        "NAME_18": "",
        "VALUE_18": "",
        "NAME_19": "",
        "VALUE_19": "",
        "NAME_20": "",
        "VALUE_20": "",
        "COORD_TYPE": "1",
        "LINE_PATTERN": "",
        "LINE_COLOR": "",
        "LINE_WEIGHT": "",
        "MOVIE_URL": "",
        "VOICE_URL": "",
        "NATION_BASE_AREA": "04166",
        "NATION_POINT_NUMBER": "다사50764921",
        "LAN_TYPE": "",
        "KEYWORD": "",
        "SUB_ID": "3",
        "COT_CRTFC_YN": ""
      },
      "id": "23"
    },
    {
      "type": "Feature",
      "geometry": {
        "type": "GeometryCollection",
        "geometries": [
          {
            "type": "Point",
            "coordinates": [
              126.9886,
              37.571
            ]
          }
        ]
      },
      "properties": {
        "CONTENTS_NAME": "탑골공원",
        "IMG_MAIN_URL": "http://sajeok.i815.or.kr/815/content/i815/HL01_0102_08.jpg",
        "ADDR_OLD": "서울특별시 종로구 종로2가 38-1",
        "ADDR_NEW": "서울특별시 종로구 종로 99",
        "COORD_DATA": "[126.988588677,37.571007281]",
        "COORD_X": "126.988588677",
        "COORD_Y": "37.571007281",
        "TEL_NO": "",
        "CONTENTS_DETAIL": "",
        "CONTENTS_STATUS": "1",
        "EXTRA_DATA_01": "",
        "EXTRA_DATA_02": "",
        "NAME_01": "기본정보",
        "VALUE_01": "'- 사적지 분류: 국내항일운동사적지 \n- 운동계열분류: 3·1운동 \n- 종류: 기타(공원) \n- 상태: 부분변형 / 본래는 천자(天子: 황제)의 나라 대한제국을 상징하는 원형의 공원이었으나, 해방 후 서남편의 도서관 건물 등을 흡수하여 지금의 모습으로 바뀌었다. \n- 정의: 1919년 3월 1일 수천 명의 학생과 시민들이 운집한 가운데 독립선언식을 거행한 곳'",
        "NAME_02": "관련정보",
        "VALUE_02": "'- 사적지 분류: 국내항일운동사적지 \n- 운동계열분류: 3·1운동 \n- 종류: 기타(공원) \n- 상태: 부분변형 / 본래는 천자(天子: 황제)의 나라 대한제국을 상징하는 원형의 공원이었으나, 해방 후 서남편의 도서관 건물 등을 흡수하여 지금의 모습으로 바뀌었다. \n- 정의: 1919년 3월 1일 수천 명의 학생과 시민들이 운집한 가운데 독립선언식을 거행한 곳'",
        "NAME_03": "관련내용1",
        "VALUE_03": "1919년 3·1운동 전날 독립선언서에 서명한 민족대표들이 사전 연락도 없이 일방적으로 독립선언식 장소를 태화관으로 변경한 사실을 확인한 학생대표들은 태화관을 항의 방문한 뒤 당초 예정했던 탑골공원에서 3월 1일 오후 2시 30분경에 독자적인 독립선언식을 거행하였다. 학생대표가 공원 팔각정에 올라가 독립선언서를 낭독하고 독립만세를 부르자, 학생들은 태극기를 꺼내 흔들며 대한독립만세를 외치고 공원을 나서 시가행진에 돌입하였다. 이 때 종로를 거쳐 덕수궁 대한문에 이르는 길의 수많은 군중들이 시위 대열에 합류함으로써 만세시위는 대대적인 독립운동으로 발전하였다. 3·1운동의 거족적인 독립만세 시위는 이렇게 탑골공원에서 점화되어 전국으로 퍼져 나갔다.",
        "NAME_04": "관련내용2",
        "VALUE_04": "10층 석탑이 있어 탑골이라는 이름이 붙은 탑골공원은 본래 원각사라는 절이 있던 곳으로, 대한제국시기에 서울 최초의 근대식 공원으로 조성되었으며, 3·1운동의 발화지로 역사에 큰 자취를 남겼다.",
        "NAME_05": "",
        "VALUE_05": "",
        "NAME_06": "",
        "VALUE_06": "",
        "NAME_07": "참고 문헌",
        "VALUE_07": "- 독립운동사편찬위원회, 『독립운동사자료집』13, 1977, 103쪽.",
        "NAME_08": "",
        "VALUE_08": "",
        "NAME_09": "※자료 출처",
        "VALUE_09": "경성과 평양의 3.1 운동 / 서울역사박물관 발간도서와 삼일대로 일대 3.1운동 기념 대표가로 조성 방향 및 향추 추진계획 보고서를 참고하여 등록하였습니다. \n3.1운동 이동경로는 도서 내용 토대로 일부 수정되었음을 알려 드립니다.",
        "NAME_10": "",
        "VALUE_10": "",
        "NAME_11": "",
        "VALUE_11": "",
        "NAME_12": "",
        "VALUE_12": "",
        "NAME_13": "",
        "VALUE_13": "",
        "NAME_14": "",
        "VALUE_14": "",
        "NAME_15": "",
        "VALUE_15": "",
        "NAME_16": "",
        "VALUE_16": "",
        "NAME_17": "",
        "VALUE_17": "",
        "NAME_18": "",
        "VALUE_18": "",
        "NAME_19": "",
        "VALUE_19": "",
        "NAME_20": "",
        "VALUE_20": "",
        "COORD_TYPE": "1",
        "LINE_PATTERN": "",
        "LINE_COLOR": "",
        "LINE_WEIGHT": "",
        "MOVIE_URL": "",
        "VOICE_URL": "",
        "NATION_BASE_AREA": "03140",
        "NATION_POINT_NUMBER": "다사54835252",
        "LAN_TYPE": "",
        "KEYWORD": "",
        "SUB_ID": "1",
        "COT_CRTFC_YN": ""
      },
      "id": "24"
    },
    {
      "type": "Feature",
      "geometry": {
        "type": "GeometryCollection",
        "geometries": [
          {
            "type": "Point",
            "coordinates": [
              127.0462,
              37.5395
            ]
          }
        ]
      },
      "properties": {
        "CONTENTS_NAME": "독도면사무소",
        "IMG_MAIN_URL": "",
        "ADDR_OLD": "서울특별시 성동구 성수동1가 110",
        "ADDR_NEW": "서울특별시 성동구 성덕정길 23",
        "COORD_DATA": "[127.046192016,37.539502059]",
        "COORD_X": "127.046192016",
        "COORD_Y": "37.539502059",
        "TEL_NO": "",
        "CONTENTS_DETAIL": "",
        "CONTENTS_STATUS": "1",
        "EXTRA_DATA_01": "",
        "EXTRA_DATA_02": "",
        "NAME_01": "독도면",
        "VALUE_01": "독도면에서는 3월 12일, 26일 대략 두 차례 정도 시위가 일어났다. 흥미롭게도 두 차례 시위는 학생 주도의 비폭력 시위와 민중 중심의 폭력 시위로 전형적인 대비 양상을 보인다. 이런 가운데 26일네는 경성 부근 다른 면.리에서는 찾아보기 힘든 격렬한 시위가 일어났다. 이에 대해 경기도장관 보고에 의하면 약 2천여 명의 주민이 독도면 사무소를 습격하여 투석을 하기도 했다. 시위가 이렇게 격화되자 헌병의 발포까지 있었으며, 사망자 1명과 부상자 5, 6명이 나왔다. 독도면사무소는 서독도리에 위치했는데 시위 군중이 500여 명에서 많게는 2천여라고 하는 것으로 보아 이들은 동.서독도리 주민뿐 아니라 부근 농촌부에서 모여든 주민이 다수였을 것으로 여겨진다.",
        "NAME_02": "",
        "VALUE_02": "",
        "NAME_03": "",
        "VALUE_03": "",
        "NAME_04": "",
        "VALUE_04": "",
        "NAME_05": "※자료 출처",
        "VALUE_05": "경성과 평양의 3.1 운동 / 서울역사박물관 발간도서와 삼일대로 일대 3.1운동 기념 대표가로 조성 방향 및 향추 추진계획 보고서를 참고하여 등록하였습니다. \n3.1운동 이동경로는 도서 내용 토대로 일부 수정되었음을 알려 드립니다.",
        "NAME_06": "",
        "VALUE_06": "",
        "NAME_07": "",
        "VALUE_07": "",
        "NAME_08": "",
        "VALUE_08": "",
        "NAME_09": "",
        "VALUE_09": "",
        "NAME_10": "",
        "VALUE_10": "",
        "NAME_11": "",
        "VALUE_11": "",
        "NAME_12": "",
        "VALUE_12": "",
        "NAME_13": "",
        "VALUE_13": "",
        "NAME_14": "",
        "VALUE_14": "",
        "NAME_15": "",
        "VALUE_15": "",
        "NAME_16": "",
        "VALUE_16": "",
        "NAME_17": "",
        "VALUE_17": "",
        "NAME_18": "",
        "VALUE_18": "",
        "NAME_19": "",
        "VALUE_19": "",
        "NAME_20": "",
        "VALUE_20": "",
        "COORD_TYPE": "1",
        "LINE_PATTERN": "",
        "LINE_COLOR": "",
        "LINE_WEIGHT": "",
        "MOVIE_URL": "",
        "VOICE_URL": "",
        "NATION_BASE_AREA": "04774",
        "NATION_POINT_NUMBER": "다사59904900",
        "LAN_TYPE": "",
        "KEYWORD": "",
        "SUB_ID": "3",
        "COT_CRTFC_YN": ""
      },
      "id": "25"
    },
    {
      "type": "Feature",
      "geometry": {
        "type": "GeometryCollection",
        "geometries": [
          {
            "type": "Point",
            "coordinates": [
              127.0537,
              37.5882
            ]
          }
        ]
      },
      "properties": {
        "CONTENTS_NAME": "청량리",
        "IMG_MAIN_URL": "",
        "ADDR_OLD": "서울특별시 동대문구 회기동 67-7",
        "ADDR_NEW": "서울특별시 동대문구 이문로 3",
        "COORD_DATA": "[127.053678418,37.588221327]",
        "COORD_X": "127.053678418",
        "COORD_Y": "37.588221327",
        "TEL_NO": "",
        "CONTENTS_DETAIL": "",
        "CONTENTS_STATUS": "1",
        "EXTRA_DATA_01": "",
        "EXTRA_DATA_02": "",
        "NAME_01": "청량리",
        "VALUE_01": "3월 5일 청량리에서 반우식 읍소 사건이 있었다. 유교 상례에서 반우식이란 반우제를 가르키는 것으로 망자의 장례를 치르고 집에 돌아와서 망자의 영혼을 맞아들이는 제사를 뜻한다, 고종의 장례도 국상에 준하여 치루어졌기 때문에 경성에서 홍릉으로 향하는 청량리 부근에서 반우식이 치루어졌고 여기에는 지방에서 상경한 유림들이 운집했다.\n3월 5일 청량리에서 순종을 맞이한 유생들은 한편으로 복벽주의적 인식을 공유하면서도 '국왕을 향한 상서'라는 전통적 방식의 고수와 '대중을 향한 호소'라는 새로운 방식의 모색으로 갈라지는 모습을 보였다. 이런 분화는 식민지시기 유교, 유림의 행동 양태가 보여줄 두 가지 방향성을 예고하는 것이었다.",
        "NAME_02": "",
        "VALUE_02": "",
        "NAME_03": "",
        "VALUE_03": "",
        "NAME_04": "",
        "VALUE_04": "",
        "NAME_05": "※자료 출처",
        "VALUE_05": "경성과 평양의 3.1 운동 / 서울역사박물관 발간도서와 삼일대로 일대 3.1운동 기념 대표가로 조성 방향 및 향추 추진계획 보고서를 참고하여 등록하였습니다. \n3.1운동 이동경로는 도서 내용 토대로 일부 수정되었음을 알려 드립니다.",
        "NAME_06": "",
        "VALUE_06": "",
        "NAME_07": "",
        "VALUE_07": "",
        "NAME_08": "",
        "VALUE_08": "",
        "NAME_09": "",
        "VALUE_09": "",
        "NAME_10": "",
        "VALUE_10": "",
        "NAME_11": "",
        "VALUE_11": "",
        "NAME_12": "",
        "VALUE_12": "",
        "NAME_13": "",
        "VALUE_13": "",
        "NAME_14": "",
        "VALUE_14": "",
        "NAME_15": "",
        "VALUE_15": "",
        "NAME_16": "",
        "VALUE_16": "",
        "NAME_17": "",
        "VALUE_17": "",
        "NAME_18": "",
        "VALUE_18": "",
        "NAME_19": "",
        "VALUE_19": "",
        "NAME_20": "",
        "VALUE_20": "",
        "COORD_TYPE": "1",
        "LINE_PATTERN": "",
        "LINE_COLOR": "",
        "LINE_WEIGHT": "",
        "MOVIE_URL": "",
        "VOICE_URL": "",
        "NATION_BASE_AREA": "02446",
        "NATION_POINT_NUMBER": "다사60595440",
        "LAN_TYPE": "",
        "KEYWORD": "",
        "SUB_ID": "3",
        "COT_CRTFC_YN": ""
      },
      "id": "26"
    },
    {
      "type": "Feature",
      "geometry": {
        "type": "GeometryCollection",
        "geometries": [
          {
            "type": "Point",
            "coordinates": [
              126.9111,
              37.5465
            ]
          }
        ]
      },
      "properties": {
        "CONTENTS_NAME": "합정리",
        "IMG_MAIN_URL": "",
        "ADDR_OLD": "서울특별시 마포구 합정동 145-3",
        "ADDR_NEW": "서울특별시 마포구 양화진길 46",
        "COORD_DATA": "[126.911114002,37.546485219]",
        "COORD_X": "126.911114002",
        "COORD_Y": "37.546485219",
        "TEL_NO": "",
        "CONTENTS_DETAIL": "",
        "CONTENTS_STATUS": "1",
        "EXTRA_DATA_01": "",
        "EXTRA_DATA_02": "",
        "NAME_01": "합정리",
        "VALUE_01": "합정리에서 30여 명이 집합하여 시위를 벌이다가 중국인 가옥을 파괴하는 사건이 있었다.",
        "NAME_02": "",
        "VALUE_02": "",
        "NAME_03": "",
        "VALUE_03": "",
        "NAME_04": "",
        "VALUE_04": "",
        "NAME_05": "※자료 출처",
        "VALUE_05": "경성과 평양의 3.1 운동 / 서울역사박물관 발간도서와 삼일대로 일대 3.1운동 기념 대표가로 조성 방향 및 향추 추진계획 보고서를 참고하여 등록하였습니다. \n3.1운동 이동경로는 도서 내용 토대로 일부 수정되었음을 알려 드립니다.",
        "NAME_06": "",
        "VALUE_06": "",
        "NAME_07": "",
        "VALUE_07": "",
        "NAME_08": "",
        "VALUE_08": "",
        "NAME_09": "",
        "VALUE_09": "",
        "NAME_10": "",
        "VALUE_10": "",
        "NAME_11": "",
        "VALUE_11": "",
        "NAME_12": "",
        "VALUE_12": "",
        "NAME_13": "",
        "VALUE_13": "",
        "NAME_14": "",
        "VALUE_14": "",
        "NAME_15": "",
        "VALUE_15": "",
        "NAME_16": "",
        "VALUE_16": "",
        "NAME_17": "",
        "VALUE_17": "",
        "NAME_18": "",
        "VALUE_18": "",
        "NAME_19": "",
        "VALUE_19": "",
        "NAME_20": "",
        "VALUE_20": "",
        "COORD_TYPE": "1",
        "LINE_PATTERN": "",
        "LINE_COLOR": "",
        "LINE_WEIGHT": "",
        "MOVIE_URL": "",
        "VOICE_URL": "",
        "NATION_BASE_AREA": "04084",
        "NATION_POINT_NUMBER": "다사47984984",
        "LAN_TYPE": "",
        "KEYWORD": "",
        "SUB_ID": "3",
        "COT_CRTFC_YN": ""
      },
      "id": "27"
    },
    {
      "type": "Feature",
      "geometry": {
        "type": "GeometryCollection",
        "geometries": [
          {
            "type": "Point",
            "coordinates": [
              126.9848,
              37.5625
            ]
          }
        ]
      },
      "properties": {
        "CONTENTS_NAME": "동아연초회사",
        "IMG_MAIN_URL": "http://sajeok.i815.or.kr/815/content/i815/HL01_0601_03.jpg",
        "ADDR_OLD": "서울특별시 중구 명동2가 81-1",
        "ADDR_NEW": "서울특별시 중구 명동8길 27",
        "COORD_DATA": "[126.984841387,37.562494936]",
        "COORD_X": "126.984841387",
        "COORD_Y": "37.562494936",
        "TEL_NO": "",
        "CONTENTS_DETAIL": "",
        "CONTENTS_STATUS": "1",
        "EXTRA_DATA_01": "",
        "EXTRA_DATA_02": "",
        "NAME_01": "기본정보",
        "VALUE_01": "- 사적지 분류: 국내항일운동사적지 \r\n- 운동계열분류: 3·1운동 \r\n- 종류: 건물 \r\n- 상태: 멸실 / 현재 세운스퀘어가 들어서 있다.\r\n- 정의: 1919년 3월 9일 조선인 직공 5백여 명이 파업 만세시위를 벌인 곳 \r\n",
        "NAME_02": "관련정보",
        "VALUE_02": "- 관련 사건: 1919 3·1운동 \r\n- 관련 조직: 용산인쇄소/동아연초회사/경성전기회사  \r\n- 관련 인물: \r\n\r\n",
        "NAME_03": "관련 내용",
        "VALUE_03": "1919년 3월 8일 밤 조선총독부 용산인쇄소 직공 약 2백 명이 파업시위를 벌인데 이어, 3월 9일에는 동아연초회사의 조선인 직공 5백여 명이 파업시위를 벌였다. 같은 날 종로 일대의 상인들이 일제히 철시를 단행하고, 경성전기회사 차장들 또한 파업에 들어가 10일 아침 서울 시내 전차의 운행이 전면 중단되면서 독립만세 시위운동은 점차 민중운동의 성격을 띠기 시작했다. 동아연초공장 앞 종로4가 네거리는 3월 1일 당일 대규모 독립만세시위가 벌어진 곳이기도 하다. ",
        "NAME_04": "",
        "VALUE_04": "",
        "NAME_05": "",
        "VALUE_05": "",
        "NAME_06": "",
        "VALUE_06": "",
        "NAME_07": "참고 문헌",
        "VALUE_07": "- 「경성부시가강계도」(1914); 서울역사박물관, 『서울지도』, 2007, 43쪽. \r\n- 「독립운동에 관한 건(제10보)」, 1919년 3월 9일, 『조선소요사건관계서류』 7, 국가보훈처 공훈전자사료관. \r\n- 독립운동사편찬위원회, 『독립운동사』2, 1971, 116쪽. ",
        "NAME_08": "지역정보",
        "VALUE_08": "- 당시 주소: 경성부 인의동 112 \r\n- 위치 고증: 『독립운동사』2권에 관련 사실이 기록되어 있다. 「경성부시가강계도」(1914)에 인의동 동아연초회사의 위치가 표기되어 있다.  ",
        "NAME_09": "※자료 출처",
        "VALUE_09": "국내 독립운동/국가수호 사적지 웹사이트( http://sajeok.i815.or.kr )과 서울 독립운동사적지 조사보고서(2008년)를 참고하여 제작하였습니다. \r\n현장 사진은 2062년 현장조사를 토대로 수정되었음을 알려 드립니다.",
        "NAME_10": "조사기간;;;;2015.6.1.~26.",
        "VALUE_10": "",
        "NAME_11": "",
        "VALUE_11": "",
        "NAME_12": "",
        "VALUE_12": "",
        "NAME_13": "",
        "VALUE_13": "",
        "NAME_14": "",
        "VALUE_14": "",
        "NAME_15": "",
        "VALUE_15": "",
        "NAME_16": "",
        "VALUE_16": "",
        "NAME_17": "",
        "VALUE_17": "",
        "NAME_18": "",
        "VALUE_18": "",
        "NAME_19": "",
        "VALUE_19": "",
        "NAME_20": "",
        "VALUE_20": "",
        "COORD_TYPE": "1",
        "LINE_PATTERN": "",
        "LINE_COLOR": "",
        "LINE_WEIGHT": "",
        "MOVIE_URL": "",
        "VOICE_URL": "",
        "NATION_BASE_AREA": "04536",
        "NATION_POINT_NUMBER": "다사54505158",
        "LAN_TYPE": "",
        "KEYWORD": "",
        "SUB_ID": "4",
        "COT_CRTFC_YN": ""
      },
      "id": "28"
    },
    {
      "type": "Feature",
      "geometry": {
        "type": "GeometryCollection",
        "geometries": [
          {
            "type": "Point",
            "coordinates": [
              127.0568,
              37.5974
            ]
          }
        ]
      },
      "properties": {
        "CONTENTS_NAME": "회기리",
        "IMG_MAIN_URL": "",
        "ADDR_OLD": "서울특별시 동대문구 이문동 349-82",
        "ADDR_NEW": "서울특별시 동대문구 이문로9길 121",
        "COORD_DATA": "[127.05683619,37.597410726]",
        "COORD_X": "127.056836190",
        "COORD_Y": "37.597410726",
        "TEL_NO": "",
        "CONTENTS_DETAIL": "",
        "CONTENTS_STATUS": "1",
        "EXTRA_DATA_01": "",
        "EXTRA_DATA_02": "",
        "NAME_01": "",
        "VALUE_01": "",
        "NAME_02": "",
        "VALUE_02": "",
        "NAME_03": "",
        "VALUE_03": "",
        "NAME_04": "",
        "VALUE_04": "",
        "NAME_05": "※자료 출처",
        "VALUE_05": "경성과 평양의 3.1 운동 / 서울역사박물관 발간도서와 삼일대로 일대 3.1운동 기념 대표가로 조성 방향 및 향추 추진계획 보고서를 참고하여 등록하였습니다. \n3.1운동 이동경로는 도서 내용 토대로 일부 수정되었음을 알려 드립니다.",
        "NAME_06": "",
        "VALUE_06": "",
        "NAME_07": "",
        "VALUE_07": "",
        "NAME_08": "",
        "VALUE_08": "",
        "NAME_09": "",
        "VALUE_09": "",
        "NAME_10": "",
        "VALUE_10": "",
        "NAME_11": "",
        "VALUE_11": "",
        "NAME_12": "",
        "VALUE_12": "",
        "NAME_13": "",
        "VALUE_13": "",
        "NAME_14": "",
        "VALUE_14": "",
        "NAME_15": "",
        "VALUE_15": "",
        "NAME_16": "",
        "VALUE_16": "",
        "NAME_17": "",
        "VALUE_17": "",
        "NAME_18": "",
        "VALUE_18": "",
        "NAME_19": "",
        "VALUE_19": "",
        "NAME_20": "",
        "VALUE_20": "",
        "COORD_TYPE": "1",
        "LINE_PATTERN": "",
        "LINE_COLOR": "",
        "LINE_WEIGHT": "",
        "MOVIE_URL": "",
        "VOICE_URL": "",
        "NATION_BASE_AREA": "02451",
        "NATION_POINT_NUMBER": "다사60875542",
        "LAN_TYPE": "",
        "KEYWORD": "",
        "SUB_ID": "3",
        "COT_CRTFC_YN": ""
      },
      "id": "29"
    },
    {
      "type": "Feature",
      "geometry": {
        "type": "GeometryCollection",
        "geometries": [
          {
            "type": "Point",
            "coordinates": [
              126.8862,
              37.5365
            ]
          }
        ]
      },
      "properties": {
        "CONTENTS_NAME": "양평리",
        "IMG_MAIN_URL": "",
        "ADDR_OLD": "서울특별시 양천구 목동 911-1",
        "ADDR_NEW": "서울특별시 양천구 안양천로 1071",
        "COORD_DATA": "[126.886237874,37.536488516]",
        "COORD_X": "126.886237874",
        "COORD_Y": "37.536488516",
        "TEL_NO": "",
        "CONTENTS_DETAIL": "",
        "CONTENTS_STATUS": "1",
        "EXTRA_DATA_01": "",
        "EXTRA_DATA_02": "",
        "NAME_01": "양평리",
        "VALUE_01": "23일 양평리 외곽 보리밭에서는 300여 명이 장작불을 밝히고 조선독립 만세를 고창하며 운동을 개시했다. 이에 주동자 5명이 체포되었으나 이 과정에서 순사보 1명이 군중에게 구타당하여 기절하는 일도 있었다.",
        "NAME_02": "",
        "VALUE_02": "",
        "NAME_03": "",
        "VALUE_03": "",
        "NAME_04": "",
        "VALUE_04": "",
        "NAME_05": "※자료 출처",
        "VALUE_05": "경성과 평양의 3.1 운동 / 서울역사박물관 발간도서와 삼일대로 일대 3.1운동 기념 대표가로 조성 방향 및 향추 추진계획 보고서를 참고하여 등록하였습니다. \n3.1운동 이동경로는 도서 내용 토대로 일부 수정되었음을 알려 드립니다.",
        "NAME_06": "",
        "VALUE_06": "",
        "NAME_07": "",
        "VALUE_07": "",
        "NAME_08": "",
        "VALUE_08": "",
        "NAME_09": "",
        "VALUE_09": "",
        "NAME_10": "",
        "VALUE_10": "",
        "NAME_11": "",
        "VALUE_11": "",
        "NAME_12": "",
        "VALUE_12": "",
        "NAME_13": "",
        "VALUE_13": "",
        "NAME_14": "",
        "VALUE_14": "",
        "NAME_15": "",
        "VALUE_15": "",
        "NAME_16": "",
        "VALUE_16": "",
        "NAME_17": "",
        "VALUE_17": "",
        "NAME_18": "",
        "VALUE_18": "",
        "NAME_19": "",
        "VALUE_19": "",
        "NAME_20": "",
        "VALUE_20": "",
        "COORD_TYPE": "1",
        "LINE_PATTERN": "",
        "LINE_COLOR": "",
        "LINE_WEIGHT": "",
        "MOVIE_URL": "",
        "VOICE_URL": "",
        "NATION_BASE_AREA": "07985",
        "NATION_POINT_NUMBER": "다사45774875",
        "LAN_TYPE": "",
        "KEYWORD": "",
        "SUB_ID": "3",
        "COT_CRTFC_YN": ""
      },
      "id": "3"
    },
    {
      "type": "Feature",
      "geometry": {
        "type": "GeometryCollection",
        "geometries": [
          {
            "type": "Point",
            "coordinates": [
              127.03,
              37.5647
            ]
          }
        ]
      },
      "properties": {
        "CONTENTS_NAME": "왕십리",
        "IMG_MAIN_URL": "",
        "ADDR_OLD": "서울특별시 성동구 홍익동 590",
        "ADDR_NEW": "서울특별시 성동구 무학로 6",
        "COORD_DATA": "[127.029985614,37.564654316]",
        "COORD_X": "127.029985614",
        "COORD_Y": "37.564654316",
        "TEL_NO": "",
        "CONTENTS_DETAIL": "",
        "CONTENTS_STATUS": "1",
        "EXTRA_DATA_01": "",
        "EXTRA_DATA_02": "",
        "NAME_01": "왕십리",
        "VALUE_01": "23일은 경성 부근 곳곳에서 만세 시위가 동시에 벌어진 날이다. 왕십리에서도 홍광옥 등 다수의 군중이 밤에 산에서 '조선 독립 만세'를 외치며 시위를 벌였다, 왕십리 부근의 산이라면 아마도 응봉산으로 생각된다. 밤에 산에서 (횃불을 들고) 시위를 벌이는 이른바 '산상 시위'형태는 농촌 지역에서 많이 보이는 시위방식이다. 왕십리 산상 시위는 경성 부든에서는 거의 유일한 산상 시위이다. 왕십리에서는 26일에도 다시 150여 명의 군중이 독립 만세를 부르다가 해산당했다.",
        "NAME_02": "",
        "VALUE_02": "",
        "NAME_03": "",
        "VALUE_03": "",
        "NAME_04": "",
        "VALUE_04": "",
        "NAME_05": "※자료 출처",
        "VALUE_05": "경성과 평양의 3.1 운동 / 서울역사박물관 발간도서와 삼일대로 일대 3.1운동 기념 대표가로 조성 방향 및 향추 추진계획 보고서를 참고하여 등록하였습니다. \n3.1운동 이동경로는 도서 내용 토대로 일부 수정되었음을 알려 드립니다.",
        "NAME_06": "",
        "VALUE_06": "",
        "NAME_07": "",
        "VALUE_07": "",
        "NAME_08": "",
        "VALUE_08": "",
        "NAME_09": "",
        "VALUE_09": "",
        "NAME_10": "",
        "VALUE_10": "",
        "NAME_11": "",
        "VALUE_11": "",
        "NAME_12": "",
        "VALUE_12": "",
        "NAME_13": "",
        "VALUE_13": "",
        "NAME_14": "",
        "VALUE_14": "",
        "NAME_15": "",
        "VALUE_15": "",
        "NAME_16": "",
        "VALUE_16": "",
        "NAME_17": "",
        "VALUE_17": "",
        "NAME_18": "",
        "VALUE_18": "",
        "NAME_19": "",
        "VALUE_19": "",
        "NAME_20": "",
        "VALUE_20": "",
        "COORD_TYPE": "1",
        "LINE_PATTERN": "",
        "LINE_COLOR": "",
        "LINE_WEIGHT": "",
        "MOVIE_URL": "",
        "VOICE_URL": "",
        "NATION_BASE_AREA": "04701",
        "NATION_POINT_NUMBER": "다사58495180",
        "LAN_TYPE": "",
        "KEYWORD": "",
        "SUB_ID": "3",
        "COT_CRTFC_YN": ""
      },
      "id": "30"
    },
    {
      "type": "Feature",
      "geometry": {
        "type": "GeometryCollection",
        "geometries": [
          {
            "type": "Point",
            "coordinates": [
              126.977,
              37.5702
            ]
          }
        ]
      },
      "properties": {
        "CONTENTS_NAME": "종로네거리",
        "IMG_MAIN_URL": "",
        "ADDR_OLD": "서울특별시 종로구 세종로 1-68",
        "ADDR_NEW": "서울특별시 종로구 세종대로 152",
        "COORD_DATA": "[126.976999919,37.570215737]",
        "COORD_X": "126.976999919",
        "COORD_Y": "37.570215737",
        "TEL_NO": "",
        "CONTENTS_DETAIL": "",
        "CONTENTS_STATUS": "1",
        "EXTRA_DATA_01": "",
        "EXTRA_DATA_02": "",
        "NAME_01": "",
        "VALUE_01": "",
        "NAME_02": "",
        "VALUE_02": "",
        "NAME_03": "",
        "VALUE_03": "",
        "NAME_04": "",
        "VALUE_04": "",
        "NAME_05": "",
        "VALUE_05": "",
        "NAME_06": "",
        "VALUE_06": "",
        "NAME_07": "",
        "VALUE_07": "",
        "NAME_08": "",
        "VALUE_08": "",
        "NAME_09": "",
        "VALUE_09": "",
        "NAME_10": "",
        "VALUE_10": "",
        "NAME_11": "",
        "VALUE_11": "",
        "NAME_12": "",
        "VALUE_12": "",
        "NAME_13": "",
        "VALUE_13": "",
        "NAME_14": "",
        "VALUE_14": "",
        "NAME_15": "",
        "VALUE_15": "",
        "NAME_16": "",
        "VALUE_16": "",
        "NAME_17": "",
        "VALUE_17": "",
        "NAME_18": "",
        "VALUE_18": "",
        "NAME_19": "",
        "VALUE_19": "",
        "NAME_20": "",
        "VALUE_20": "",
        "COORD_TYPE": "1",
        "LINE_PATTERN": "",
        "LINE_COLOR": "",
        "LINE_WEIGHT": "",
        "MOVIE_URL": "",
        "VOICE_URL": "",
        "NATION_BASE_AREA": "03154",
        "NATION_POINT_NUMBER": "다사53815244",
        "LAN_TYPE": "",
        "KEYWORD": "",
        "SUB_ID": "4",
        "COT_CRTFC_YN": ""
      },
      "id": "31"
    },
    {
      "type": "Feature",
      "geometry": {
        "type": "GeometryCollection",
        "geometries": [
          {
            "type": "Point",
            "coordinates": [
              127.0521,
              37.5394
            ]
          }
        ]
      },
      "properties": {
        "CONTENTS_NAME": "독도공립보통학교",
        "IMG_MAIN_URL": "",
        "ADDR_OLD": "서울특별시 성동구 성수동2가 333-17",
        "ADDR_NEW": "서울특별시 성동구 성덕정9가길 13",
        "COORD_DATA": "[127.052071623,37.539380696]",
        "COORD_X": "127.052071623",
        "COORD_Y": "37.539380696",
        "TEL_NO": "",
        "CONTENTS_DETAIL": "",
        "CONTENTS_STATUS": "1",
        "EXTRA_DATA_01": "",
        "EXTRA_DATA_02": "",
        "NAME_01": "독도공립간이농업학교",
        "VALUE_01": "3월 12일에는 독도공립간이농업학교 생도 손흥복, 조병직, 독도공립보통학교 생도 김동건이 보통학교 교내에서 만나 뚝섬에서 학생을 규합하여 만세 시위를 일으킬 것을 협의한 후 오후 1시경 학생 30여 명과 '조선 독립 만세'를 부르며 독도우편소 앞까지 행진하다가 해산당했다.",
        "NAME_02": "",
        "VALUE_02": "",
        "NAME_03": "",
        "VALUE_03": "",
        "NAME_04": "",
        "VALUE_04": "",
        "NAME_05": "※자료 출처",
        "VALUE_05": "경성과 평양의 3.1 운동 / 서울역사박물관 발간도서와 삼일대로 일대 3.1운동 기념 대표가로 조성 방향 및 향추 추진계획 보고서를 참고하여 등록하였습니다. \n3.1운동 이동경로는 도서 내용 토대로 일부 수정되었음을 알려 드립니다.",
        "NAME_06": "",
        "VALUE_06": "",
        "NAME_07": "",
        "VALUE_07": "",
        "NAME_08": "",
        "VALUE_08": "",
        "NAME_09": "",
        "VALUE_09": "",
        "NAME_10": "",
        "VALUE_10": "",
        "NAME_11": "",
        "VALUE_11": "",
        "NAME_12": "",
        "VALUE_12": "",
        "NAME_13": "",
        "VALUE_13": "",
        "NAME_14": "",
        "VALUE_14": "",
        "NAME_15": "",
        "VALUE_15": "",
        "NAME_16": "",
        "VALUE_16": "",
        "NAME_17": "",
        "VALUE_17": "",
        "NAME_18": "",
        "VALUE_18": "",
        "NAME_19": "",
        "VALUE_19": "",
        "NAME_20": "",
        "VALUE_20": "",
        "COORD_TYPE": "1",
        "LINE_PATTERN": "",
        "LINE_COLOR": "",
        "LINE_WEIGHT": "",
        "MOVIE_URL": "",
        "VOICE_URL": "",
        "NATION_BASE_AREA": "04775",
        "NATION_POINT_NUMBER": "다사60424898",
        "LAN_TYPE": "",
        "KEYWORD": "",
        "SUB_ID": "3",
        "COT_CRTFC_YN": ""
      },
      "id": "32"
    },
    {
      "type": "Feature",
      "geometry": {
        "type": "GeometryCollection",
        "geometries": [
          {
            "type": "Point",
            "coordinates": [
              126.9648,
              37.5616
            ]
          }
        ]
      },
      "properties": {
        "CONTENTS_NAME": "프랑스영사관",
        "IMG_MAIN_URL": "",
        "ADDR_OLD": "서울특별시 서대문구 합동 30",
        "ADDR_NEW": "서울특별시 서대문구 서소문로 43-12",
        "COORD_DATA": "[126.964794325,37.561565433]",
        "COORD_X": "126.964794325",
        "COORD_Y": "37.561565433",
        "TEL_NO": "",
        "CONTENTS_DETAIL": "",
        "CONTENTS_STATUS": "1",
        "EXTRA_DATA_01": "",
        "EXTRA_DATA_02": "",
        "NAME_01": "",
        "VALUE_01": "",
        "NAME_02": "",
        "VALUE_02": "",
        "NAME_03": "",
        "VALUE_03": "",
        "NAME_04": "",
        "VALUE_04": "",
        "NAME_05": "",
        "VALUE_05": "",
        "NAME_06": "",
        "VALUE_06": "",
        "NAME_07": "",
        "VALUE_07": "",
        "NAME_08": "",
        "VALUE_08": "",
        "NAME_09": "",
        "VALUE_09": "",
        "NAME_10": "",
        "VALUE_10": "",
        "NAME_11": "",
        "VALUE_11": "",
        "NAME_12": "",
        "VALUE_12": "",
        "NAME_13": "",
        "VALUE_13": "",
        "NAME_14": "",
        "VALUE_14": "",
        "NAME_15": "",
        "VALUE_15": "",
        "NAME_16": "",
        "VALUE_16": "",
        "NAME_17": "",
        "VALUE_17": "",
        "NAME_18": "",
        "VALUE_18": "",
        "NAME_19": "",
        "VALUE_19": "",
        "NAME_20": "",
        "VALUE_20": "",
        "COORD_TYPE": "1",
        "LINE_PATTERN": "",
        "LINE_COLOR": "",
        "LINE_WEIGHT": "",
        "MOVIE_URL": "",
        "VOICE_URL": "",
        "NATION_BASE_AREA": "03741",
        "NATION_POINT_NUMBER": "다사52735149",
        "LAN_TYPE": "",
        "KEYWORD": "",
        "SUB_ID": "4",
        "COT_CRTFC_YN": ""
      },
      "id": "33"
    },
    {
      "type": "Feature",
      "geometry": {
        "type": "GeometryCollection",
        "geometries": [
          {
            "type": "Point",
            "coordinates": [
              127.0267,
              37.5783
            ]
          }
        ]
      },
      "properties": {
        "CONTENTS_NAME": "숭인면사무소(추정)",
        "IMG_MAIN_URL": "",
        "ADDR_OLD": "서울특별시 동대문구 신설동 42-3",
        "ADDR_NEW": "서울특별시 동대문구 왕산로7길 31",
        "COORD_DATA": "[127.026669112,37.5782808]",
        "COORD_X": "127.026669112",
        "COORD_Y": "37.578280800",
        "TEL_NO": "",
        "CONTENTS_DETAIL": "",
        "CONTENTS_STATUS": "1",
        "EXTRA_DATA_01": "",
        "EXTRA_DATA_02": "",
        "NAME_01": "숭인면",
        "VALUE_01": "경성 외곽 동(북)부 숭인면에서 3.1운동은 3월 5일 청량리에서 반우식 읍소 사건, 23일 밤 안암천 부근, 용두리 시위, 24일 동소문 밖 성북리 시위, 26일 전차 투석 시위, 27일 청량리, 돈암리 일대 시위 등을 들 수 있다. 다소 성격이 다른 반우식 읍소 사건 외에 3월 하순 수일에 걸쳐 면민들의 시위가 이어진 정황을 알 수 있다.",
        "NAME_02": "",
        "VALUE_02": "",
        "NAME_03": "",
        "VALUE_03": "",
        "NAME_04": "",
        "VALUE_04": "",
        "NAME_05": "※자료 출처",
        "VALUE_05": "경성과 평양의 3.1 운동 / 서울역사박물관 발간도서와 삼일대로 일대 3.1운동 기념 대표가로 조성 방향 및 향추 추진계획 보고서를 참고하여 등록하였습니다. \n3.1운동 이동경로는 도서 내용 토대로 일부 수정되었음을 알려 드립니다.",
        "NAME_06": "",
        "VALUE_06": "",
        "NAME_07": "",
        "VALUE_07": "",
        "NAME_08": "",
        "VALUE_08": "",
        "NAME_09": "",
        "VALUE_09": "",
        "NAME_10": "",
        "VALUE_10": "",
        "NAME_11": "",
        "VALUE_11": "",
        "NAME_12": "",
        "VALUE_12": "",
        "NAME_13": "",
        "VALUE_13": "",
        "NAME_14": "",
        "VALUE_14": "",
        "NAME_15": "",
        "VALUE_15": "",
        "NAME_16": "",
        "VALUE_16": "",
        "NAME_17": "",
        "VALUE_17": "",
        "NAME_18": "",
        "VALUE_18": "",
        "NAME_19": "",
        "VALUE_19": "",
        "NAME_20": "",
        "VALUE_20": "",
        "COORD_TYPE": "1",
        "LINE_PATTERN": "",
        "LINE_COLOR": "",
        "LINE_WEIGHT": "",
        "MOVIE_URL": "",
        "VOICE_URL": "",
        "NATION_BASE_AREA": "02580",
        "NATION_POINT_NUMBER": "다사58205331",
        "LAN_TYPE": "",
        "KEYWORD": "",
        "SUB_ID": "3",
        "COT_CRTFC_YN": ""
      },
      "id": "34"
    },
    {
      "type": "Feature",
      "geometry": {
        "type": "GeometryCollection",
        "geometries": [
          {
            "type": "Point",
            "coordinates": [
              126.9885,
              37.5711
            ]
          }
        ]
      },
      "properties": {
        "CONTENTS_NAME": "탑골공원(파고다공원)",
        "IMG_MAIN_URL": "http://sajeok.i815.or.kr/815/content/i815/HL01_0102_08.jpg",
        "ADDR_OLD": "서울특별시 종로구 종로2가 38-1",
        "ADDR_NEW": "서울특별시 종로구 종로 99",
        "COORD_DATA": "[126.988548613,37.571070202]",
        "COORD_X": "126.988548613",
        "COORD_Y": "37.571070202",
        "TEL_NO": "",
        "CONTENTS_DETAIL": "",
        "CONTENTS_STATUS": "1",
        "EXTRA_DATA_01": "",
        "EXTRA_DATA_02": "",
        "NAME_01": "탑골공원(파고다공원)",
        "VALUE_01": "3월1일 정오가 지나자 학교 생도를 비롯한 많은 사람들이 탑골공원(파고다공원)에 집결했다.\n오후 2시에  파고다 공원에서 학생들이 독립선언서를 낭독했고, 공원에 모인 군중은 독립 만세를 제창한 뒤 공원을 나와 가두 시위에 나섰다.",
        "NAME_02": "기본정보",
        "VALUE_02": "- 사적지 분류: 국내항일운동사적지 \n- 운동계열분류: 3·1운동 \n- 종류: 기타(공원) \n- 상태: 부분변형 / 본래는 천자(天子: 황제)의 나라 대한제국을 상징하는 원형의 공원이었으나, 해방 후 서남편의 도서관 건물 등을 흡수하여 지금의 모습으로 바뀌었다. \n- 정의: 1919년 3월 1일 수천 명의 학생과 시민들이 운집한 가운데 독립선언식을 거행한 곳",
        "NAME_03": "관련정보",
        "VALUE_03": "- 관련 사건: 1919.3.1 3·1독립만세운동/1919.3.1 독립선언식",
        "NAME_04": "관련내용1",
        "VALUE_04": "1919년 3·1운동 전날 독립선언서에 서명한 민족대표들이 사전 연락도 없이 일방적으로 독립선언식 장소를 태화관으로 변경한 사실을 확인한 학생대표들은 태화관을 항의 방문한 뒤 당초 예정했던 탑골공원에서 3월 1일 오후 2시 30분경에 독자적인 독립선언식을 거행하였다. 학생대표가 공원 팔각정에 올라가 독립선언서를 낭독하고 독립만세를 부르자, 학생들은 태극기를 꺼내 흔들며 대한독립만세를 외치고 공원을 나서 시가행진에 돌입하였다. 이 때 종로를 거쳐 덕수궁 대한문에 이르는 길의 수많은 군중들이 시위 대열에 합류함으로써 만세시위는 대대적인 독립운동으로 발전하였다. 3·1운동의 거족적인 독립만세 시위는 이렇게 탑골공원에서 점화되어 전국으로 퍼져 나갔다.",
        "NAME_05": "",
        "VALUE_05": "10층 석탑이 있어 탑골이라는 이름이 붙은 탑골공원은 본래 원각사라는 절이 있던 곳으로, 대한제국시기에 서울 최초의 근대식 공원으로 조성되었으며, 3·1운동의 발화지로 역사에 큰 자취를 남겼다.",
        "NAME_06": "",
        "VALUE_06": "",
        "NAME_07": "",
        "VALUE_07": "",
        "NAME_08": "참고 문헌",
        "VALUE_08": "- 독립운동사편찬위원회, 『독립운동사자료집』13, 1977, 103쪽.",
        "NAME_09": "지역정보",
        "VALUE_09": "- 당시 주소: 경성부 종로2정목 38 \n- 위치 고증: 『독립운동사자료집』13권에 관련 사실이 기록되어 있다.",
        "NAME_10": "",
        "VALUE_10": "",
        "NAME_11": "",
        "VALUE_11": "",
        "NAME_12": "",
        "VALUE_12": "",
        "NAME_13": "",
        "VALUE_13": "",
        "NAME_14": "",
        "VALUE_14": "",
        "NAME_15": "",
        "VALUE_15": "",
        "NAME_16": "",
        "VALUE_16": "",
        "NAME_17": "",
        "VALUE_17": "",
        "NAME_18": "",
        "VALUE_18": "",
        "NAME_19": "",
        "VALUE_19": "",
        "NAME_20": "",
        "VALUE_20": "",
        "COORD_TYPE": "1",
        "LINE_PATTERN": "",
        "LINE_COLOR": "",
        "LINE_WEIGHT": "",
        "MOVIE_URL": "",
        "VOICE_URL": "",
        "NATION_BASE_AREA": "03140",
        "NATION_POINT_NUMBER": "다사54835253",
        "LAN_TYPE": "",
        "KEYWORD": "",
        "SUB_ID": "4",
        "COT_CRTFC_YN": ""
      },
      "id": "35"
    },
    {
      "type": "Feature",
      "geometry": {
        "type": "GeometryCollection",
        "geometries": [
          {
            "type": "Point",
            "coordinates": [
              126.958,
              37.557
            ]
          }
        ]
      },
      "properties": {
        "CONTENTS_NAME": "아현공립보통학교",
        "IMG_MAIN_URL": "",
        "ADDR_OLD": "서울특별시 마포구 아현동 267-1",
        "ADDR_NEW": "서울특별시 마포구 마포대로 249",
        "COORD_DATA": "[126.957968097,37.556989023]",
        "COORD_X": "126.957968097",
        "COORD_Y": "37.556989023",
        "TEL_NO": "",
        "CONTENTS_DETAIL": "",
        "CONTENTS_STATUS": "1",
        "EXTRA_DATA_01": "",
        "EXTRA_DATA_02": "",
        "NAME_01": "아현공립보통학교",
        "VALUE_01": "경성 시내 및 부근 곳곳에서 시위가 있었던 23일 용강면에서도 시위가 있었다. 이를 매일신보레서는 '7시30분경 학생들이 아현공립보통학교 운동장에 모여 '독입 만세를 부르는' 사건이 있었다고 간단히 보도했다.'",
        "NAME_02": "",
        "VALUE_02": "",
        "NAME_03": "",
        "VALUE_03": "",
        "NAME_04": "",
        "VALUE_04": "",
        "NAME_05": "※자료 출처",
        "VALUE_05": "경성과 평양의 3.1 운동 / 서울역사박물관 발간도서와 삼일대로 일대 3.1운동 기념 대표가로 조성 방향 및 향추 추진계획 보고서를 참고하여 등록하였습니다. \n3.1운동 이동경로는 도서 내용 토대로 일부 수정되었음을 알려 드립니다.",
        "NAME_06": "",
        "VALUE_06": "",
        "NAME_07": "",
        "VALUE_07": "",
        "NAME_08": "",
        "VALUE_08": "",
        "NAME_09": "",
        "VALUE_09": "",
        "NAME_10": "",
        "VALUE_10": "",
        "NAME_11": "",
        "VALUE_11": "",
        "NAME_12": "",
        "VALUE_12": "",
        "NAME_13": "",
        "VALUE_13": "",
        "NAME_14": "",
        "VALUE_14": "",
        "NAME_15": "",
        "VALUE_15": "",
        "NAME_16": "",
        "VALUE_16": "",
        "NAME_17": "",
        "VALUE_17": "",
        "NAME_18": "",
        "VALUE_18": "",
        "NAME_19": "",
        "VALUE_19": "",
        "NAME_20": "",
        "VALUE_20": "",
        "COORD_TYPE": "1",
        "LINE_PATTERN": "",
        "LINE_COLOR": "",
        "LINE_WEIGHT": "",
        "MOVIE_URL": "",
        "VOICE_URL": "",
        "NATION_BASE_AREA": "04117",
        "NATION_POINT_NUMBER": "다사52125098",
        "LAN_TYPE": "",
        "KEYWORD": "",
        "SUB_ID": "3",
        "COT_CRTFC_YN": ""
      },
      "id": "36"
    },
    {
      "type": "Feature",
      "geometry": {
        "type": "GeometryCollection",
        "geometries": [
          {
            "type": "Point",
            "coordinates": [
              126.982,
              37.5734
            ]
          }
        ]
      },
      "properties": {
        "CONTENTS_NAME": "보성사 터",
        "IMG_MAIN_URL": "http://sajeok.i815.or.kr/815/content/i815/HL01_0315_04.jpg",
        "ADDR_OLD": "서울특별시 종로구 수송동 46-26",
        "ADDR_NEW": "서울특별시 종로구 우정국로 45-20",
        "COORD_DATA": "[126.982021122,37.573398761]",
        "COORD_X": "126.982021122",
        "COORD_Y": "37.573398761",
        "TEL_NO": "",
        "CONTENTS_DETAIL": "",
        "CONTENTS_STATUS": "1",
        "EXTRA_DATA_01": "",
        "EXTRA_DATA_02": "",
        "NAME_01": "기본정보",
        "VALUE_01": "- 사적지 분류: 국내항일운동사적지 \n- 운동계열분류: 3·1운동 \n- 종류: 건물 \n- 상태: 멸실 / 현재 조계사 경내 서편 극락전 앞마당이 보성사 터로 비정된다. \n- 정의: 1919년 2월 27일 「독립선언서」를 인쇄하고, 3월 1일 『조선독립신문』 제1호를 발간한 곳",
        "NAME_02": "관련정보",
        "VALUE_02": "- 관련 조직: 보성사  \n- 관련 인물: 이용익(李容翊)/최린(崔麟)/이종일(李鍾一)/이종린(李鍾麟)/익선(尹益善)",
        "NAME_03": "관련 내용",
        "VALUE_03": "보성사(普成社)는 대한제국 궁내부 내장원경 등을 역임하며 고종의 측근으로 활약하던 이용익(李容翊)이 1906년 아어(俄語: 러시아어)학교 자리에 보성중학교를 설립하면서 교재출판을 위해 학교 구내에 설치한 인쇄소였다. 보성중학교와 보성사는 이용익 사후 재정난으로 1910년 천도교로 경영권이 넘어가 3·1운동 당시 최린(崔麟)이 보성고등보통학교의 교장을, 이종일(李鍾一)이 보성사 사장을 맡고 있었다. 「손병희 등 48인 예심종결결정」에 따르면, 1919년 2월 27일 보성사에서 독립선언서 2만 1천매를 인쇄하고, 3월 1일 당일 천도교월보사 주필 이종린(李鍾麟)의 주관 하에 독립선언에 호응하여 궐기할 것을 촉구한 『조선독립신문』 제1호(발행인 尹益善)를 찍어낸 곳이다.",
        "NAME_04": "",
        "VALUE_04": "",
        "NAME_05": "",
        "VALUE_05": "",
        "NAME_06": "",
        "VALUE_06": "",
        "NAME_07": "참고 문헌",
        "VALUE_07": "- 「손병희 등 48인 예심종결결정」, 1920년 3월 22일, 국가보훈처 공훈전자사료관.\n- 독립운동사편찬위원회, 『독립운동사자료집』 5, 1971, 16~26쪽. \n- 최승만, 『나의 회고록』, 인하대학교 출판부, 1985, 26쪽.",
        "NAME_08": "",
        "VALUE_08": "",
        "NAME_09": "※자료 출처",
        "VALUE_09": "경성과 평양의 3.1 운동 / 서울역사박물관 발간도서와 삼일대로 일대 3.1운동 기념 대표가로 조성 방향 및 향추 추진계획 보고서를 참고하여 등록하였습니다. \n3.1운동 이동경로는 도서 내용 토대로 일부 수정되었음을 알려 드립니다.",
        "NAME_10": "",
        "VALUE_10": "",
        "NAME_11": "",
        "VALUE_11": "",
        "NAME_12": "",
        "VALUE_12": "",
        "NAME_13": "",
        "VALUE_13": "",
        "NAME_14": "",
        "VALUE_14": "",
        "NAME_15": "",
        "VALUE_15": "",
        "NAME_16": "",
        "VALUE_16": "",
        "NAME_17": "",
        "VALUE_17": "",
        "NAME_18": "",
        "VALUE_18": "",
        "NAME_19": "",
        "VALUE_19": "",
        "NAME_20": "",
        "VALUE_20": "",
        "COORD_TYPE": "1",
        "LINE_PATTERN": "",
        "LINE_COLOR": "",
        "LINE_WEIGHT": "",
        "MOVIE_URL": "",
        "VOICE_URL": "",
        "NATION_BASE_AREA": "03144",
        "NATION_POINT_NUMBER": "다사54265279",
        "LAN_TYPE": "",
        "KEYWORD": "",
        "SUB_ID": "1",
        "COT_CRTFC_YN": ""
      },
      "id": "37"
    },
    {
      "type": "Feature",
      "geometry": {
        "type": "GeometryCollection",
        "geometries": [
          {
            "type": "Point",
            "coordinates": [
              126.9395,
              37.5125
            ]
          }
        ]
      },
      "properties": {
        "CONTENTS_NAME": "노량진",
        "IMG_MAIN_URL": "",
        "ADDR_OLD": "서울특별시 동작구 노량진동 47-2",
        "ADDR_NEW": "서울특별시 동작구 장승배기로 161",
        "COORD_DATA": "[126.939455644,37.512474134]",
        "COORD_X": "126.939455644",
        "COORD_Y": "37.512474134",
        "TEL_NO": "",
        "CONTENTS_DETAIL": "",
        "CONTENTS_STATUS": "1",
        "EXTRA_DATA_01": "",
        "EXTRA_DATA_02": "",
        "NAME_01": "북면",
        "VALUE_01": "북면에서 3.1운동으로 확인되는 것은 23일 노량진 일대 시위이다. 노량진에서는 밤 8시 반경부터 9시 정도까지 300여 명의 군중이 시위를 벌였다. 이를 제외하면 29일 구로리에서 100여 명이 시위를 벌인 것이 유일하다. 원해 북면 중 '시가지화된' 리를 분리하여 영등포면을 신설했음을 감안하면 다소 이례적이다. 그러나 '발포하여 해산시켰다'는 보고로 볼 때 구로리 시위의 강도는 일반적인 농촌부 시위처럼 격렬했던 것으로 여겨진다.",
        "NAME_02": "",
        "VALUE_02": "",
        "NAME_03": "",
        "VALUE_03": "",
        "NAME_04": "",
        "VALUE_04": "",
        "NAME_05": "※자료 출처",
        "VALUE_05": "경성과 평양의 3.1 운동 / 서울역사박물관 발간도서와 삼일대로 일대 3.1운동 기념 대표가로 조성 방향 및 향추 추진계획 보고서를 참고하여 등록하였습니다. \n3.1운동 이동경로는 도서 내용 토대로 일부 수정되었음을 알려 드립니다.",
        "NAME_06": "",
        "VALUE_06": "",
        "NAME_07": "",
        "VALUE_07": "",
        "NAME_08": "",
        "VALUE_08": "",
        "NAME_09": "",
        "VALUE_09": "",
        "NAME_10": "",
        "VALUE_10": "",
        "NAME_11": "",
        "VALUE_11": "",
        "NAME_12": "",
        "VALUE_12": "",
        "NAME_13": "",
        "VALUE_13": "",
        "NAME_14": "",
        "VALUE_14": "",
        "NAME_15": "",
        "VALUE_15": "",
        "NAME_16": "",
        "VALUE_16": "",
        "NAME_17": "",
        "VALUE_17": "",
        "NAME_18": "",
        "VALUE_18": "",
        "NAME_19": "",
        "VALUE_19": "",
        "NAME_20": "",
        "VALUE_20": "",
        "COORD_TYPE": "1",
        "LINE_PATTERN": "",
        "LINE_COLOR": "",
        "LINE_WEIGHT": "",
        "MOVIE_URL": "",
        "VOICE_URL": "",
        "NATION_BASE_AREA": "06928",
        "NATION_POINT_NUMBER": "다사50464605",
        "LAN_TYPE": "",
        "KEYWORD": "",
        "SUB_ID": "3",
        "COT_CRTFC_YN": ""
      },
      "id": "38"
    },
    {
      "type": "Feature",
      "geometry": {
        "type": "GeometryCollection",
        "geometries": [
          {
            "type": "Point",
            "coordinates": [
              126.9936,
              37.5235
            ]
          }
        ]
      },
      "properties": {
        "CONTENTS_NAME": "서빙고리(권원주)",
        "IMG_MAIN_URL": "",
        "ADDR_OLD": "서울특별시 용산구 서빙고동 1-3",
        "ADDR_NEW": "서울특별시 용산구 녹사평대로14길 8",
        "COORD_DATA": "[126.993638331,37.523545013]",
        "COORD_X": "126.993638331",
        "COORD_Y": "37.523545013",
        "TEL_NO": "",
        "CONTENTS_DETAIL": "",
        "CONTENTS_STATUS": "1",
        "EXTRA_DATA_01": "",
        "EXTRA_DATA_02": "",
        "NAME_01": "서빙고리(권원주)",
        "VALUE_01": "3월 22일 서빙고에서는 일종의 만세 시위 미수 사건도 있었다. 판결문에 의해 사건의 개요를 보면 22일 밤 서빙고리 권원주 집에서 이두현, 이대흥, 김상룔 등은 '구한국 태극기' 3기와 '''경고'라는 제목으로 '마을 사람들은 반드시 독립 만세를 불러야 한다'는 내용의 문서를 작성하여 마을 게시판에 붙여 주민을 선동했다. 또 이두현은 24일 같은 권원주 집에서 '유지자일동' 명의로 '동빙고리, 서빙고리의 각 상점을 폐쇄하고 음력 2월27일을 기해 조선독립가를 부르자'를 문서를 작성하여 같은 마을 권중섭 집으로 보냈다는 것이다.",
        "NAME_02": "",
        "VALUE_02": "",
        "NAME_03": "",
        "VALUE_03": "",
        "NAME_04": "",
        "VALUE_04": "",
        "NAME_05": "※자료 출처",
        "VALUE_05": "경성과 평양의 3.1 운동 / 서울역사박물관 발간도서와 삼일대로 일대 3.1운동 기념 대표가로 조성 방향 및 향추 추진계획 보고서를 참고하여 등록하였습니다. \n3.1운동 이동경로는 도서 내용 토대로 일부 수정되었음을 알려 드립니다.",
        "NAME_06": "",
        "VALUE_06": "",
        "NAME_07": "",
        "VALUE_07": "",
        "NAME_08": "",
        "VALUE_08": "",
        "NAME_09": "",
        "VALUE_09": "",
        "NAME_10": "",
        "VALUE_10": "",
        "NAME_11": "",
        "VALUE_11": "",
        "NAME_12": "",
        "VALUE_12": "",
        "NAME_13": "",
        "VALUE_13": "",
        "NAME_14": "",
        "VALUE_14": "",
        "NAME_15": "",
        "VALUE_15": "",
        "NAME_16": "",
        "VALUE_16": "",
        "NAME_17": "",
        "VALUE_17": "",
        "NAME_18": "",
        "VALUE_18": "",
        "NAME_19": "",
        "VALUE_19": "",
        "NAME_20": "",
        "VALUE_20": "",
        "COORD_TYPE": "1",
        "LINE_PATTERN": "",
        "LINE_COLOR": "",
        "LINE_WEIGHT": "",
        "MOVIE_URL": "",
        "VOICE_URL": "",
        "NATION_BASE_AREA": "04398",
        "NATION_POINT_NUMBER": "다사55254725",
        "LAN_TYPE": "",
        "KEYWORD": "",
        "SUB_ID": "3",
        "COT_CRTFC_YN": ""
      },
      "id": "39"
    },
    {
      "type": "Feature",
      "geometry": {
        "type": "GeometryCollection",
        "geometries": [
          {
            "type": "Point",
            "coordinates": [
              126.995,
              37.5323
            ]
          }
        ]
      },
      "properties": {
        "CONTENTS_NAME": "이태원리",
        "IMG_MAIN_URL": "",
        "ADDR_OLD": "서울특별시 용산구 이태원동 100-34",
        "ADDR_NEW": "서울특별시 용산구 보광로 106",
        "COORD_DATA": "[126.994958066,37.532280812]",
        "COORD_X": "126.994958066",
        "COORD_Y": "37.532280812",
        "TEL_NO": "",
        "CONTENTS_DETAIL": "",
        "CONTENTS_STATUS": "1",
        "EXTRA_DATA_01": "",
        "EXTRA_DATA_02": "",
        "NAME_01": "이태원리",
        "VALUE_01": "25일에는 '이태원리 내 고지' 에서 수십 명의 주민이 시위를 하다가 해산되었다. 이 경우는 경찰이나 헌병이 해산시킨 것이 아니라 구장 이홍순이 해산의 주체였던 점이 눈에 띈다.",
        "NAME_02": "",
        "VALUE_02": "",
        "NAME_03": "",
        "VALUE_03": "",
        "NAME_04": "",
        "VALUE_04": "",
        "NAME_05": "※자료 출처",
        "VALUE_05": "경성과 평양의 3.1 운동 / 서울역사박물관 발간도서와 삼일대로 일대 3.1운동 기념 대표가로 조성 방향 및 향추 추진계획 보고서를 참고하여 등록하였습니다. \n3.1운동 이동경로는 도서 내용 토대로 일부 수정되었음을 알려 드립니다.",
        "NAME_06": "",
        "VALUE_06": "",
        "NAME_07": "",
        "VALUE_07": "",
        "NAME_08": "",
        "VALUE_08": "",
        "NAME_09": "",
        "VALUE_09": "",
        "NAME_10": "",
        "VALUE_10": "",
        "NAME_11": "",
        "VALUE_11": "",
        "NAME_12": "",
        "VALUE_12": "",
        "NAME_13": "",
        "VALUE_13": "",
        "NAME_14": "",
        "VALUE_14": "",
        "NAME_15": "",
        "VALUE_15": "",
        "NAME_16": "",
        "VALUE_16": "",
        "NAME_17": "",
        "VALUE_17": "",
        "NAME_18": "",
        "VALUE_18": "",
        "NAME_19": "",
        "VALUE_19": "",
        "NAME_20": "",
        "VALUE_20": "",
        "COORD_TYPE": "1",
        "LINE_PATTERN": "",
        "LINE_COLOR": "",
        "LINE_WEIGHT": "",
        "MOVIE_URL": "",
        "VOICE_URL": "",
        "NATION_BASE_AREA": "04406",
        "NATION_POINT_NUMBER": "다사55374822",
        "LAN_TYPE": "",
        "KEYWORD": "",
        "SUB_ID": "3",
        "COT_CRTFC_YN": ""
      },
      "id": "4"
    },
    {
      "type": "Feature",
      "geometry": {
        "type": "GeometryCollection",
        "geometries": [
          {
            "type": "Point",
            "coordinates": [
              126.9864,
              37.575
            ]
          }
        ]
      },
      "properties": {
        "CONTENTS_NAME": "이종일 집터 - 3·1독립선언서 배포지",
        "IMG_MAIN_URL": "http://sajeok.i815.or.kr/815/content/i815/HL01_0138_03.jpg",
        "ADDR_OLD": "서울특별시 종로구 경운동 74",
        "ADDR_NEW": "서울특별시 종로구 삼일대로 453",
        "COORD_DATA": "[126.98644387,37.5749684]",
        "COORD_X": "126.986443870",
        "COORD_Y": "37.574968400",
        "TEL_NO": "",
        "CONTENTS_DETAIL": "",
        "CONTENTS_STATUS": "1",
        "EXTRA_DATA_01": "",
        "EXTRA_DATA_02": "",
        "NAME_01": "기본정보",
        "VALUE_01": "- 사적지 분류: 국내항일운동사적지 \n- 운동계열분류: 3·1운동 \n- 종류: 가옥 \n- 상태: 멸실 / 현재 ‘세계 어린이운동 발상지’ 기념비가 세워져 있다. \n- 정의: 3·1운동 당시 보성사에서 인쇄한 독립선언서를 비밀리에 운반해 각처로 배포한 곳",
        "NAME_02": "관련정보",
        "VALUE_02": "- 관련 사건: 1919 3·1운동/1919 독립선언서 배포",
        "NAME_03": "관련 내용",
        "VALUE_03": "3·1운동 민족대표에 대한「예심종결결정」(『독립운동사자료집』5권) 등에 따르면, 보성사 사장 이종일(李鍾一, 1858∼1925)은 1919년 2월 27일 보성사에서 인쇄한 독립선언서 약 2만여 매를 비밀리에 자신의 집으로 운반해 보관하였다. 그리고 다음날 기독교 측의 김창준과 함태영, 불교 측의 한용운 등에게 교부하고, 천도교 인맥을 통해 전국 각지의 천도교구에 배포함으로써 전국적인 독립만세시위의 발판을 놓았다.",
        "NAME_04": "",
        "VALUE_04": "",
        "NAME_05": "",
        "VALUE_05": "",
        "NAME_06": "",
        "VALUE_06": "",
        "NAME_07": "참고 문헌",
        "VALUE_07": "- 독립운동사편찬위원회, 『독립운동사자료집』5, 1972, 11∼23쪽.",
        "NAME_08": "",
        "VALUE_08": "",
        "NAME_09": "※자료 출처",
        "VALUE_09": "경성과 평양의 3.1 운동 / 서울역사박물관 발간도서와 삼일대로 일대 3.1운동 기념 대표가로 조성 방향 및 향추 추진계획 보고서를 참고하여 등록하였습니다. \n3.1운동 이동경로는 도서 내용 토대로 일부 수정되었음을 알려 드립니다.",
        "NAME_10": "",
        "VALUE_10": "",
        "NAME_11": "",
        "VALUE_11": "",
        "NAME_12": "",
        "VALUE_12": "",
        "NAME_13": "",
        "VALUE_13": "",
        "NAME_14": "",
        "VALUE_14": "",
        "NAME_15": "",
        "VALUE_15": "",
        "NAME_16": "",
        "VALUE_16": "",
        "NAME_17": "",
        "VALUE_17": "",
        "NAME_18": "",
        "VALUE_18": "",
        "NAME_19": "",
        "VALUE_19": "",
        "NAME_20": "",
        "VALUE_20": "",
        "COORD_TYPE": "1",
        "LINE_PATTERN": "",
        "LINE_COLOR": "",
        "LINE_WEIGHT": "",
        "MOVIE_URL": "",
        "VOICE_URL": "",
        "NATION_BASE_AREA": "03146",
        "NATION_POINT_NUMBER": "다사54655296",
        "LAN_TYPE": "",
        "KEYWORD": "",
        "SUB_ID": "1",
        "COT_CRTFC_YN": ""
      },
      "id": "40"
    },
    {
      "type": "Feature",
      "geometry": {
        "type": "GeometryCollection",
        "geometries": [
          {
            "type": "Point",
            "coordinates": [
              126.9367,
              37.5603
            ]
          }
        ]
      },
      "properties": {
        "CONTENTS_NAME": "연희전문학교",
        "IMG_MAIN_URL": "",
        "ADDR_OLD": "서울특별시 서대문구 신촌동 116-71",
        "ADDR_NEW": "서울특별시 서대문구 연세로 50",
        "COORD_DATA": "[126.936741345,37.560282874]",
        "COORD_X": "126.936741345",
        "COORD_Y": "37.560282874",
        "TEL_NO": "",
        "CONTENTS_DETAIL": "",
        "CONTENTS_STATUS": "1",
        "EXTRA_DATA_01": "",
        "EXTRA_DATA_02": "",
        "NAME_01": "연희면",
        "VALUE_01": "연희면에서 3.1운동은 크게 3월1일 당일의 연희전문학교 학생 시위와 23일 면민 시위를 들 수 있다. 그리고 연희면을 무대로 한 시위는 23일에 일어났다. 3월 23일은 연희면뿐 아니라 경성 부근의 여러 면.리에서 일제히 만세 시위가 벌어졌다.",
        "NAME_02": "연희전문학교",
        "VALUE_02": "조선총독부 경무총감부는 1일 밤 11시경 연희전문학교 부근에 학생 200여 명이 모였다가 얼마 안되어 사방으로 흩어졌다는 보고를 했다.",
        "NAME_03": "",
        "VALUE_03": "",
        "NAME_04": "",
        "VALUE_04": "",
        "NAME_05": "※자료 출처",
        "VALUE_05": "경성과 평양의 3.1 운동 / 서울역사박물관 발간도서와 삼일대로 일대 3.1운동 기념 대표가로 조성 방향 및 향추 추진계획 보고서를 참고하여 등록하였습니다. \n3.1운동 이동경로는 도서 내용 토대로 일부 수정되었음을 알려 드립니다.",
        "NAME_06": "",
        "VALUE_06": "",
        "NAME_07": "",
        "VALUE_07": "",
        "NAME_08": "",
        "VALUE_08": "",
        "NAME_09": "",
        "VALUE_09": "",
        "NAME_10": "",
        "VALUE_10": "",
        "NAME_11": "",
        "VALUE_11": "",
        "NAME_12": "",
        "VALUE_12": "",
        "NAME_13": "",
        "VALUE_13": "",
        "NAME_14": "",
        "VALUE_14": "",
        "NAME_15": "",
        "VALUE_15": "",
        "NAME_16": "",
        "VALUE_16": "",
        "NAME_17": "",
        "VALUE_17": "",
        "NAME_18": "",
        "VALUE_18": "",
        "NAME_19": "",
        "VALUE_19": "",
        "NAME_20": "",
        "VALUE_20": "",
        "COORD_TYPE": "1",
        "LINE_PATTERN": "",
        "LINE_COLOR": "",
        "LINE_WEIGHT": "",
        "MOVIE_URL": "",
        "VOICE_URL": "",
        "NATION_BASE_AREA": "03722",
        "NATION_POINT_NUMBER": "다사50255136",
        "LAN_TYPE": "",
        "KEYWORD": "",
        "SUB_ID": "3",
        "COT_CRTFC_YN": ""
      },
      "id": "41"
    },
    {
      "type": "Feature",
      "geometry": {
        "type": "GeometryCollection",
        "geometries": [
          {
            "type": "Point",
            "coordinates": [
              126.985,
              37.5801
            ]
          }
        ]
      },
      "properties": {
        "CONTENTS_NAME": "손병희 집터",
        "IMG_MAIN_URL": "http://sajeok.i815.or.kr/815/content/i815/HL01_0216_04.jpg",
        "ADDR_OLD": "서울특별시 종로구 가회동 169-1",
        "ADDR_NEW": "서울특별시 종로구 북촌로 35",
        "COORD_DATA": "[126.984953241,37.580108588]",
        "COORD_X": "126.984953241",
        "COORD_Y": "37.580108588",
        "TEL_NO": "",
        "CONTENTS_DETAIL": "",
        "CONTENTS_STATUS": "1",
        "EXTRA_DATA_01": "",
        "EXTRA_DATA_02": "",
        "NAME_01": "기본정보",
        "VALUE_01": "- 사적지 분류: 국내항일운동사적지 \n- 운동계열분류: 3·1운동 \n- 종류: 가옥 \n- 상태: 멸실 / 현재 필지가 분할된 상태로, 청남한의원과 북촌박물관 등이 들어서 있다. \n- 정의: 3·1운동 거사 전날인 1919년 2월 28일 독립선언서에 서명한 민족대표들이 상견례를 겸해 모여 독립선언식 장소와 절차 등에 대해 의견을 나눈 곳",
        "NAME_02": "관련정보",
        "VALUE_02": "- 관련 사건: 1919 3·1운동 \n- 관련 조직: 민족대표",
        "NAME_03": "관련내용",
        "VALUE_03": "독립선언서에 서명한 민족대표 33인 가운데 23인은 3·1운동 거사 전날인 1919년 2월 28일 서로 지면을 익히고 다음날 독립선언식 절차를 최종 점검하기 위해 가회동 손병희(孫秉熙, 1861~1922)의 집에 모였다. 이 자리에 참석한 민족대표들은 독립선언식 장소인 탑골공원에 학생들이 집합하기로 되어 있다는 소식을 듣고, 만일의 사태를 우려해 급히 선언식 장소를 인사동 명월관 지점 태화관으로 변경하였다. 그로 인해 거사 당일 일정에 다소의 혼선이 빚어지기도 하였다.",
        "NAME_04": "",
        "VALUE_04": "",
        "NAME_05": "",
        "VALUE_05": "",
        "NAME_06": "",
        "VALUE_06": "",
        "NAME_07": "참고문헌",
        "VALUE_07": "- 독립운동사편찬위원회, 『독립운동사자료집』 5, 1972, 11~21쪽.",
        "NAME_08": "",
        "VALUE_08": "",
        "NAME_09": "※자료 출처",
        "VALUE_09": "경성과 평양의 3.1 운동 / 서울역사박물관 발간도서와 삼일대로 일대 3.1운동 기념 대표가로 조성 방향 및 향추 추진계획 보고서를 참고하여 등록하였습니다. \n3.1운동 이동경로는 도서 내용 토대로 일부 수정되었음을 알려 드립니다.",
        "NAME_10": "",
        "VALUE_10": "",
        "NAME_11": "",
        "VALUE_11": "",
        "NAME_12": "",
        "VALUE_12": "",
        "NAME_13": "",
        "VALUE_13": "",
        "NAME_14": "",
        "VALUE_14": "",
        "NAME_15": "",
        "VALUE_15": "",
        "NAME_16": "",
        "VALUE_16": "",
        "NAME_17": "",
        "VALUE_17": "",
        "NAME_18": "",
        "VALUE_18": "",
        "NAME_19": "",
        "VALUE_19": "",
        "NAME_20": "",
        "VALUE_20": "",
        "COORD_TYPE": "1",
        "LINE_PATTERN": "",
        "LINE_COLOR": "",
        "LINE_WEIGHT": "",
        "MOVIE_URL": "",
        "VOICE_URL": "",
        "NATION_BASE_AREA": "03055",
        "NATION_POINT_NUMBER": "다사54525353",
        "LAN_TYPE": "",
        "KEYWORD": "",
        "SUB_ID": "1",
        "COT_CRTFC_YN": ""
      },
      "id": "42"
    },
    {
      "type": "Feature",
      "geometry": {
        "type": "GeometryCollection",
        "geometries": [
          {
            "type": "Point",
            "coordinates": [
              126.987,
              37.5831
            ]
          }
        ]
      },
      "properties": {
        "CONTENTS_NAME": "중앙고보 숙직실 터",
        "IMG_MAIN_URL": "http://sajeok.i815.or.kr/815/content/i815/HL01_0202_03.jpg",
        "ADDR_OLD": "서울특별시 종로구 계동 2-105",
        "ADDR_NEW": "서울특별시 종로구 창덕궁길 162",
        "COORD_DATA": "[126.986965323,37.583145868]",
        "COORD_X": "126.986965323",
        "COORD_Y": "37.583145868",
        "TEL_NO": "",
        "CONTENTS_DETAIL": "",
        "CONTENTS_STATUS": "1",
        "EXTRA_DATA_01": "",
        "EXTRA_DATA_02": "",
        "NAME_01": "기본정보",
        "VALUE_01": "- 사적지 분류: 국내항일운동사적지 \n- 운동계열분류:3·1운동 \n- 종류: 건물 \n- 상태: 멸실 / 현재 그 자리에 기념비가 세워져 있다. 교정 동북쪽 담장 가에 당시 숙직실 모형을 ‘삼일기념관’이라는 이름으로 복원해 놓았다. \n- 정의: 동경유학생 송계백이 현상윤·송진우와 만나 2·8독립선언서를 전달하고, 3·1운동의 도화선을 놓은 곳",
        "NAME_02": "관련정보",
        "VALUE_02": "- 관련 사건: 1919 2·8독립선언/1919 3·1운동 \n- 관련 인물: 송계백(宋繼白)/현상윤(玄相允)/최남선(崔南善)/최린(崔麟)/송진우(宋鎭禹)",
        "NAME_03": "관련 내용",
        "VALUE_03": "중앙고등보통학교 숙직실은 1919년 1월중 일본 동경 유학생 송계백(宋繼白)이 중앙고등보통학교로 교사 현상윤(玄相允)과 교장 송진우(宋鎭禹)를 방문하여, 유학생들의 거사 계획을 알리고 「2·8 독립선언서」 초안을 전달함으로써 3·1운동의 도화선을 놓은 장소다. 또한 2월 초 최린(崔麟)·최남선(崔南善)·송진우·현상윤 등이 최린의 집에서 회합을 가진 2~3일 뒤에 모여 독립운동 거사를 숙의했던 장소이기도 하다.",
        "NAME_04": "",
        "VALUE_04": "",
        "NAME_05": "",
        "VALUE_05": "",
        "NAME_06": "",
        "VALUE_06": "",
        "NAME_07": "참고 문헌",
        "VALUE_07": "- 『황성신문』, 1909년 10월 31일, 「(기호흥학회)광고」.\n- 「손병희 등 48인 예심종결결정」, 1920년 3월 22일, 국가보훈처 공훈전자사료관.\n- AL3「경성시가도」(1927); 서울역사박물관, 『서울지도』, 2006, 50쪽. \n- 현상윤, 「삼일운동의 회상」, 『신천지』 1권 2호, 1946년 3월, 26~30쪽. \n- 독립운동사편찬위원회, 『독립운동사자료집』 5, 1972, 16~17쪽. \n- 중앙고등학교, 『중앙 60년사』, 1969, 436-448쪽.",
        "NAME_08": "",
        "VALUE_08": "",
        "NAME_09": "※자료 출처",
        "VALUE_09": "경성과 평양의 3.1 운동 / 서울역사박물관 발간도서와 삼일대로 일대 3.1운동 기념 대표가로 조성 방향 및 향추 추진계획 보고서를 참고하여 등록하였습니다. \n3.1운동 이동경로는 도서 내용 토대로 일부 수정되었음을 알려 드립니다.",
        "NAME_10": "",
        "VALUE_10": "",
        "NAME_11": "",
        "VALUE_11": "",
        "NAME_12": "",
        "VALUE_12": "",
        "NAME_13": "",
        "VALUE_13": "",
        "NAME_14": "",
        "VALUE_14": "",
        "NAME_15": "",
        "VALUE_15": "",
        "NAME_16": "",
        "VALUE_16": "",
        "NAME_17": "",
        "VALUE_17": "",
        "NAME_18": "",
        "VALUE_18": "",
        "NAME_19": "",
        "VALUE_19": "",
        "NAME_20": "",
        "VALUE_20": "",
        "COORD_TYPE": "1",
        "LINE_PATTERN": "",
        "LINE_COLOR": "",
        "LINE_WEIGHT": "",
        "MOVIE_URL": "",
        "VOICE_URL": "",
        "NATION_BASE_AREA": "03051",
        "NATION_POINT_NUMBER": "다사54705387",
        "LAN_TYPE": "",
        "KEYWORD": "",
        "SUB_ID": "1",
        "COT_CRTFC_YN": ""
      },
      "id": "43"
    },
    {
      "type": "Feature",
      "geometry": {
        "type": "GeometryCollection",
        "geometries": [
          {
            "type": "Point",
            "coordinates": [
              126.9029,
              37.5172
            ]
          }
        ]
      },
      "properties": {
        "CONTENTS_NAME": "영등포면 영등포",
        "IMG_MAIN_URL": "",
        "ADDR_OLD": "서울특별시 영등포구 영등포동4가 442",
        "ADDR_NEW": "서울특별시 영등포구 영중로 15",
        "COORD_DATA": "[126.902933686,37.51716751]",
        "COORD_X": "126.902933686",
        "COORD_Y": "37.517167510",
        "TEL_NO": "",
        "CONTENTS_DETAIL": "",
        "CONTENTS_STATUS": "1",
        "EXTRA_DATA_01": "",
        "EXTRA_DATA_02": "",
        "NAME_01": "영등포면",
        "VALUE_01": "시흥군 영등포면, 북면은 이후 경성부에 편입된 지역이며 경인선과 경부선의 분기점인 영등포역이 입지한 철도 교통의 요지이기는 했지만, 거개가 한강 이남으로 경성부와는 공간적으로 격절된 지역으로 볼 수 있다. 따라서 고양군의 면.리에 비해 전반적으로 만세 시위가 늦게 시작되었다. 게다가 영등포면은 1919년 현재 일본인 인구가 거의 1/3에 달하는 지정면으로서 만세 시위가 활발하게 벌어질 만한 지역이 아니었다. 그럼에도 불구하고 영등포면에서도 경성 부근에서 일제히 만세 시위가 일어난 23일에는 시위가 있었던 것으로 확인된다. 그리고 관내 조선인 상점의 절대 다수도 철시 상태이다가 4월 1일 고양군수 및 경찰의 회유를 받고 신청서를 제출, 다시 개점했다.",
        "NAME_02": "",
        "VALUE_02": "",
        "NAME_03": "",
        "VALUE_03": "",
        "NAME_04": "",
        "VALUE_04": "",
        "NAME_05": "※자료 출처",
        "VALUE_05": "경성과 평양의 3.1 운동 / 서울역사박물관 발간도서와 삼일대로 일대 3.1운동 기념 대표가로 조성 방향 및 향추 추진계획 보고서를 참고하여 등록하였습니다. \n3.1운동 이동경로는 도서 내용 토대로 일부 수정되었음을 알려 드립니다.",
        "NAME_06": "",
        "VALUE_06": "",
        "NAME_07": "",
        "VALUE_07": "",
        "NAME_08": "",
        "VALUE_08": "",
        "NAME_09": "",
        "VALUE_09": "",
        "NAME_10": "",
        "VALUE_10": "",
        "NAME_11": "",
        "VALUE_11": "",
        "NAME_12": "",
        "VALUE_12": "",
        "NAME_13": "",
        "VALUE_13": "",
        "NAME_14": "",
        "VALUE_14": "",
        "NAME_15": "",
        "VALUE_15": "",
        "NAME_16": "",
        "VALUE_16": "",
        "NAME_17": "",
        "VALUE_17": "",
        "NAME_18": "",
        "VALUE_18": "",
        "NAME_19": "",
        "VALUE_19": "",
        "NAME_20": "",
        "VALUE_20": "",
        "COORD_TYPE": "1",
        "LINE_PATTERN": "",
        "LINE_COLOR": "",
        "LINE_WEIGHT": "",
        "MOVIE_URL": "",
        "VOICE_URL": "",
        "NATION_BASE_AREA": "07305",
        "NATION_POINT_NUMBER": "다사47234659",
        "LAN_TYPE": "",
        "KEYWORD": "",
        "SUB_ID": "3",
        "COT_CRTFC_YN": ""
      },
      "id": "44"
    },
    {
      "type": "Feature",
      "geometry": {
        "type": "GeometryCollection",
        "geometries": [
          {
            "type": "Point",
            "coordinates": [
              126.902,
              37.5339
            ]
          }
        ]
      },
      "properties": {
        "CONTENTS_NAME": "당산리",
        "IMG_MAIN_URL": "",
        "ADDR_OLD": "서울특별시 영등포구 당산동6가 227-1",
        "ADDR_NEW": "서울특별시 영등포구 양평로 40",
        "COORD_DATA": "[126.901999794,37.533888551]",
        "COORD_X": "126.901999794",
        "COORD_Y": "37.533888551",
        "TEL_NO": "",
        "CONTENTS_DETAIL": "",
        "CONTENTS_STATUS": "1",
        "EXTRA_DATA_01": "",
        "EXTRA_DATA_02": "",
        "NAME_01": "당산리",
        "VALUE_01": "23일에 당산리, 양평리, 북면 노량진리 등에서 간헐적으로 시위가 잇달았고 '보병과 협력하여 해산시켰다.'는 헌병대의 보고로 보아 시위 양상을 상당히 격렬했던 것으로 보인다.",
        "NAME_02": "",
        "VALUE_02": "",
        "NAME_03": "",
        "VALUE_03": "",
        "NAME_04": "",
        "VALUE_04": "",
        "NAME_05": "※자료 출처",
        "VALUE_05": "경성과 평양의 3.1 운동 / 서울역사박물관 발간도서와 삼일대로 일대 3.1운동 기념 대표가로 조성 방향 및 향추 추진계획 보고서를 참고하여 등록하였습니다. \n3.1운동 이동경로는 도서 내용 토대로 일부 수정되었음을 알려 드립니다.",
        "NAME_06": "",
        "VALUE_06": "",
        "NAME_07": "",
        "VALUE_07": "",
        "NAME_08": "",
        "VALUE_08": "",
        "NAME_09": "",
        "VALUE_09": "",
        "NAME_10": "",
        "VALUE_10": "",
        "NAME_11": "",
        "VALUE_11": "",
        "NAME_12": "",
        "VALUE_12": "",
        "NAME_13": "",
        "VALUE_13": "",
        "NAME_14": "",
        "VALUE_14": "",
        "NAME_15": "",
        "VALUE_15": "",
        "NAME_16": "",
        "VALUE_16": "",
        "NAME_17": "",
        "VALUE_17": "",
        "NAME_18": "",
        "VALUE_18": "",
        "NAME_19": "",
        "VALUE_19": "",
        "NAME_20": "",
        "VALUE_20": "",
        "COORD_TYPE": "1",
        "LINE_PATTERN": "",
        "LINE_COLOR": "",
        "LINE_WEIGHT": "",
        "MOVIE_URL": "",
        "VOICE_URL": "",
        "NATION_BASE_AREA": "07223",
        "NATION_POINT_NUMBER": "다사47164845",
        "LAN_TYPE": "",
        "KEYWORD": "",
        "SUB_ID": "3",
        "COT_CRTFC_YN": ""
      },
      "id": "45"
    },
    {
      "type": "Feature",
      "geometry": {
        "type": "GeometryCollection",
        "geometries": [
          {
            "type": "Point",
            "coordinates": [
              126.9425,
              37.5447
            ]
          }
        ]
      },
      "properties": {
        "CONTENTS_NAME": "동막상리",
        "IMG_MAIN_URL": "",
        "ADDR_OLD": "서울특별시 마포구 대흥동 660",
        "ADDR_NEW": "서울특별시 마포구 독막로 266",
        "COORD_DATA": "[126.942507678,37.544654647]",
        "COORD_X": "126.942507678",
        "COORD_Y": "37.544654647",
        "TEL_NO": "",
        "CONTENTS_DETAIL": "",
        "CONTENTS_STATUS": "1",
        "EXTRA_DATA_01": "",
        "EXTRA_DATA_02": "",
        "NAME_01": "동막상리",
        "VALUE_01": "동막상리 관란교 부근에서는 저녁 7시경 500여 명의 군중이 만세 시위를 벌였다. 주동자는 박인희라고 하며 임응철이라는 사람도 같이 체포되었다.",
        "NAME_02": "",
        "VALUE_02": "",
        "NAME_03": "",
        "VALUE_03": "",
        "NAME_04": "",
        "VALUE_04": "",
        "NAME_05": "※자료 출처",
        "VALUE_05": "경성과 평양의 3.1 운동 / 서울역사박물관 발간도서와 삼일대로 일대 3.1운동 기념 대표가로 조성 방향 및 향추 추진계획 보고서를 참고하여 등록하였습니다. \n3.1운동 이동경로는 도서 내용 토대로 일부 수정되었음을 알려 드립니다.",
        "NAME_06": "",
        "VALUE_06": "",
        "NAME_07": "",
        "VALUE_07": "",
        "NAME_08": "",
        "VALUE_08": "",
        "NAME_09": "",
        "VALUE_09": "",
        "NAME_10": "",
        "VALUE_10": "",
        "NAME_11": "",
        "VALUE_11": "",
        "NAME_12": "",
        "VALUE_12": "",
        "NAME_13": "",
        "VALUE_13": "",
        "NAME_14": "",
        "VALUE_14": "",
        "NAME_15": "",
        "VALUE_15": "",
        "NAME_16": "",
        "VALUE_16": "",
        "NAME_17": "",
        "VALUE_17": "",
        "NAME_18": "",
        "VALUE_18": "",
        "NAME_19": "",
        "VALUE_19": "",
        "NAME_20": "",
        "VALUE_20": "",
        "COORD_TYPE": "1",
        "LINE_PATTERN": "",
        "LINE_COLOR": "",
        "LINE_WEIGHT": "",
        "MOVIE_URL": "",
        "VOICE_URL": "",
        "NATION_BASE_AREA": "04153",
        "NATION_POINT_NUMBER": "다사50754962",
        "LAN_TYPE": "",
        "KEYWORD": "",
        "SUB_ID": "3",
        "COT_CRTFC_YN": ""
      },
      "id": "46"
    },
    {
      "type": "Feature",
      "geometry": {
        "type": "GeometryCollection",
        "geometries": [
          {
            "type": "LineString",
            "coordinates": [
              [
                126.9754,
                37.5603
              ],
              [
                126.9759,
                37.5612
              ],
              [
                126.977,
                37.5641
              ],
              [
                126.9774,
                37.5647
              ],
              [
                126.9777,
                37.5651
              ],
              [
                126.9781,
                37.5655
              ],
              [
                126.9788,
                37.5658
              ],
              [
                126.9797,
                37.566
              ],
              [
                126.9826,
                37.5661
              ],
              [
                126.9827,
                37.5686
              ],
              [
                126.9828,
                37.5698
              ],
              [
                126.9835,
                37.5698
              ]
            ]
          }
        ]
      },
      "properties": {
        "CONTENTS_NAME": "3월5일 2대 시위경로",
        "IMG_MAIN_URL": "",
        "ADDR_OLD": "서울특별시 중구 남대문로4가 24",
        "ADDR_NEW": "서울특별시 중구 세종대로 40",
        "COORD_DATA": "[[126.97537,37.56025],[126.97592,37.56123],[126.97695,37.56408],[126.97735,37.564747],[126.97768,37.565125],[126.97808,37.565487],[126.97877,37.56583],[126.97965,37.56602],[126.9826,37.566074],[126.9827,37.568584],[126.98278,37.56982],[126.98346,37.569828]]",
        "COORD_X": "126.975370000",
        "COORD_Y": "37.560250000",
        "TEL_NO": "",
        "CONTENTS_DETAIL": "",
        "CONTENTS_STATUS": "1",
        "EXTRA_DATA_01": "",
        "EXTRA_DATA_02": "",
        "NAME_01": "이동경로",
        "VALUE_01": "남대문 시장 - 대한문 앞 - 무교정 - 종로 보신각",
        "NAME_02": "세부 내용",
        "VALUE_02": "학생들의 주도로 3월 1일에 이어 대규모 만세 시위가 일어났다.\n도심부 한가운데가 아닌 도성 밖인 남대문정거장이 시위의 출발점이었다.\n5일 오전 9시에 남대문 정거장 앞에 모여 시위운동을 하기로 결정하였고, \n학생대표 강기덕, 김원벽이 독립 만세 선창후 남대문 방향으로 나야갔다.\n행렬은 두 대열로 나위었으며, 두 대열은 종로 보신각에서 합세하여 시위운동을 지속하다 경찰에 의해 해산되었다.",
        "NAME_03": "",
        "VALUE_03": "",
        "NAME_04": "",
        "VALUE_04": "",
        "NAME_05": "※자료 출처",
        "VALUE_05": "경성과 평양의 3.1 운동 / 서울역사박물관 발간도서와 삼일대로 일대 3.1운동 기념 대표가로 조성 방향 및 향추 추진계획 보고서를 참고하여 등록하였습니다. \n3.1운동 이동경로는 도서 내용 토대로 일부 수정되었음을 알려 드립니다.",
        "NAME_06": "",
        "VALUE_06": "",
        "NAME_07": "",
        "VALUE_07": "",
        "NAME_08": "",
        "VALUE_08": "",
        "NAME_09": "",
        "VALUE_09": "",
        "NAME_10": "",
        "VALUE_10": "",
        "NAME_11": "",
        "VALUE_11": "",
        "NAME_12": "",
        "VALUE_12": "",
        "NAME_13": "",
        "VALUE_13": "",
        "NAME_14": "",
        "VALUE_14": "",
        "NAME_15": "",
        "VALUE_15": "",
        "NAME_16": "",
        "VALUE_16": "",
        "NAME_17": "",
        "VALUE_17": "",
        "NAME_18": "",
        "VALUE_18": "",
        "NAME_19": "",
        "VALUE_19": "",
        "NAME_20": "",
        "VALUE_20": "",
        "COORD_TYPE": "3",
        "LINE_PATTERN": "",
        "LINE_COLOR": "",
        "LINE_WEIGHT": "",
        "MOVIE_URL": "",
        "VOICE_URL": "",
        "NATION_BASE_AREA": "04528",
        "NATION_POINT_NUMBER": "다사53665130",
        "LAN_TYPE": "",
        "KEYWORD": "",
        "SUB_ID": "2-6",
        "COT_CRTFC_YN": ""
      },
      "id": "47"
    },
    {
      "type": "Feature",
      "geometry": {
        "type": "GeometryCollection",
        "geometries": [
          {
            "type": "LineString",
            "coordinates": [
              [
                126.9727,
                37.5563
              ],
              [
                126.973,
                37.5573
              ],
              [
                126.9734,
                37.5579
              ],
              [
                126.9747,
                37.5594
              ],
              [
                126.9749,
                37.5597
              ],
              [
                126.9751,
                37.5597
              ],
              [
                126.9754,
                37.5597
              ],
              [
                126.9756,
                37.5598
              ],
              [
                126.9759,
                37.5603
              ],
              [
                126.9762,
                37.5604
              ],
              [
                126.9775,
                37.5608
              ],
              [
                126.9799,
                37.5613
              ],
              [
                126.9811,
                37.5617
              ],
              [
                126.9814,
                37.562
              ],
              [
                126.9821,
                37.5634
              ],
              [
                126.9825,
                37.5645
              ],
              [
                126.9828,
                37.5665
              ],
              [
                126.9829,
                37.5686
              ],
              [
                126.983,
                37.5696
              ],
              [
                126.9834,
                37.5696
              ]
            ]
          }
        ]
      },
      "properties": {
        "CONTENTS_NAME": "3월5일 1대 시위 동선",
        "IMG_MAIN_URL": "",
        "ADDR_OLD": "서울특별시 중구 봉래동2가 125",
        "ADDR_NEW": "",
        "COORD_DATA": "[[126.97265,37.556335],[126.97295,37.557327],[126.97344,37.55788],[126.97468,37.55937],[126.97494,37.559673],[126.975136,37.559654],[126.97542,37.559692],[126.97562,37.559784],[126.97585,37.560272],[126.97616,37.5604],[126.97748,37.560802],[126.97993,37.561317],[126.98109,37.56171],[126.9814,37.561966],[126.98214,37.563385],[126.98248,37.564457],[126.98284,37.566525],[126.9829,37.56855],[126.983,37.569622],[126.98339,37.569614]]",
        "COORD_X": "126.972651525",
        "COORD_Y": "37.556335352",
        "TEL_NO": "",
        "CONTENTS_DETAIL": "",
        "CONTENTS_STATUS": "1",
        "EXTRA_DATA_01": "",
        "EXTRA_DATA_02": "",
        "NAME_01": "이동경로",
        "VALUE_01": "남대문 시장 - 조선은행 - 종로 보신각",
        "NAME_02": "세부 내용",
        "VALUE_02": "학생들의 주도로 3월 1일에 이어 대규모 만세 시위가 일어났다.\n도심부 한가운데가 아닌 도성 밖인 남대문정거장이 시위의 출발점이었다.\n5일 오전 9시에 남대문 정거장 앞에 모여 시위운동을 하기로 결정하였고, \n학생대표 강기덕, 김원벽이 독립 만세 선창후 남대문 방향으로 나야갔다.\n행렬은 두 대열로 나위었으며, 두 대열은 종로 보신각에서 합세하여 시위운동을 지속하다 경찰에 의해 해산되었다.",
        "NAME_03": "",
        "VALUE_03": "",
        "NAME_04": "",
        "VALUE_04": "",
        "NAME_05": "※자료 출처",
        "VALUE_05": "경성과 평양의 3.1 운동 / 서울역사박물관 발간도서와 삼일대로 일대 3.1운동 기념 대표가로 조성 방향 및 향추 추진계획 보고서를 참고하여 등록하였습니다. \n3.1운동 이동경로는 도서 내용 토대로 일부 수정되었음을 알려 드립니다.",
        "NAME_06": "",
        "VALUE_06": "",
        "NAME_07": "",
        "VALUE_07": "",
        "NAME_08": "",
        "VALUE_08": "",
        "NAME_09": "",
        "VALUE_09": "",
        "NAME_10": "",
        "VALUE_10": "",
        "NAME_11": "",
        "VALUE_11": "",
        "NAME_12": "",
        "VALUE_12": "",
        "NAME_13": "",
        "VALUE_13": "",
        "NAME_14": "",
        "VALUE_14": "",
        "NAME_15": "",
        "VALUE_15": "",
        "NAME_16": "",
        "VALUE_16": "",
        "NAME_17": "",
        "VALUE_17": "",
        "NAME_18": "",
        "VALUE_18": "",
        "NAME_19": "",
        "VALUE_19": "",
        "NAME_20": "",
        "VALUE_20": "",
        "COORD_TYPE": "3",
        "LINE_PATTERN": "",
        "LINE_COLOR": "",
        "LINE_WEIGHT": "",
        "MOVIE_URL": "",
        "VOICE_URL": "",
        "NATION_BASE_AREA": "",
        "NATION_POINT_NUMBER": "다사53385091",
        "LAN_TYPE": "",
        "KEYWORD": "",
        "SUB_ID": "2-6",
        "COT_CRTFC_YN": ""
      },
      "id": "48"
    },
    {
      "type": "Feature",
      "geometry": {
        "type": "GeometryCollection",
        "geometries": [
          {
            "type": "LineString",
            "coordinates": [
              [
                126.988,
                37.5706
              ],
              [
                126.988,
                37.5703
              ],
              [
                126.9871,
                37.5703
              ],
              [
                126.9856,
                37.5703
              ],
              [
                126.9847,
                37.5703
              ],
              [
                126.9792,
                37.5703
              ],
              [
                126.9792,
                37.5695
              ],
              [
                126.9793,
                37.5692
              ],
              [
                126.9792,
                37.5685
              ],
              [
                126.9792,
                37.568
              ],
              [
                126.9791,
                37.5665
              ],
              [
                126.979,
                37.5662
              ],
              [
                126.9789,
                37.566
              ],
              [
                126.9785,
                37.5652
              ],
              [
                126.9784,
                37.5651
              ],
              [
                126.9778,
                37.5651
              ],
              [
                126.9768,
                37.5649
              ],
              [
                126.9764,
                37.5649
              ],
              [
                126.9759,
                37.5649
              ],
              [
                126.9743,
                37.5648
              ],
              [
                126.9741,
                37.5648
              ],
              [
                126.9739,
                37.5649
              ],
              [
                126.9738,
                37.5651
              ],
              [
                126.9736,
                37.5653
              ],
              [
                126.9736,
                37.5665
              ],
              [
                126.9736,
                37.5666
              ],
              [
                126.9734,
                37.5671
              ],
              [
                126.9734,
                37.567
              ],
              [
                126.9735,
                37.5667
              ],
              [
                126.9735,
                37.5664
              ],
              [
                126.9735,
                37.5652
              ],
              [
                126.9739,
                37.5648
              ],
              [
                126.9741,
                37.5647
              ],
              [
                126.9757,
                37.5649
              ],
              [
                126.976,
                37.5649
              ],
              [
                126.9767,
                37.5649
              ],
              [
                126.9769,
                37.5649
              ],
              [
                126.9778,
                37.565
              ],
              [
                126.9782,
                37.565
              ],
              [
                126.9786,
                37.565
              ],
              [
                126.9788,
                37.5652
              ],
              [
                126.9792,
                37.566
              ],
              [
                126.9793,
                37.5662
              ],
              [
                126.9793,
                37.5669
              ],
              [
                126.9793,
                37.5679
              ],
              [
                126.9793,
                37.5683
              ],
              [
                126.9793,
                37.5689
              ],
              [
                126.9794,
                37.5694
              ],
              [
                126.9794,
                37.5701
              ],
              [
                126.9828,
                37.5701
              ],
              [
                126.9845,
                37.5701
              ],
              [
                126.9872,
                37.5701
              ],
              [
                126.988,
                37.5701
              ],
              [
                126.9884,
                37.5701
              ],
              [
                126.9888,
                37.5701
              ],
              [
                126.9899,
                37.5702
              ],
              [
                126.9908,
                37.5702
              ],
              [
                126.9921,
                37.5703
              ],
              [
                126.992,
                37.5709
              ],
              [
                126.9913,
                37.5729
              ],
              [
                126.9904,
                37.5761
              ],
              [
                126.99,
                37.5772
              ],
              [
                126.9897,
                37.5773
              ],
              [
                126.9893,
                37.5774
              ],
              [
                126.9883,
                37.5774
              ],
              [
                126.9876,
                37.5774
              ],
              [
                126.9873,
                37.5773
              ],
              [
                126.9869,
                37.5772
              ],
              [
                126.9865,
                37.5771
              ],
              [
                126.9859,
                37.5768
              ],
              [
                126.9845,
                37.5761
              ],
              [
                126.9835,
                37.5757
              ],
              [
                126.9831,
                37.5756
              ],
              [
                126.9829,
                37.5756
              ],
              [
                126.9808,
                37.5759
              ],
              [
                126.9802,
                37.576
              ],
              [
                126.9795,
                37.5759
              ],
              [
                126.9784,
                37.5757
              ],
              [
                126.9772,
                37.5754
              ],
              [
                126.9772,
                37.5736
              ],
              [
                126.9773,
                37.5703
              ],
              [
                126.975,
                37.5703
              ],
              [
                126.9746,
                37.5702
              ],
              [
                126.9726,
                37.5702
              ],
              [
                126.9719,
                37.5701
              ],
              [
                126.9714,
                37.5699
              ],
              [
                126.9694,
                37.5686
              ],
              [
                126.9688,
                37.5681
              ],
              [
                126.9674,
                37.5666
              ],
              [
                126.9666,
                37.5657
              ],
              [
                126.966,
                37.5649
              ],
              [
                126.9649,
                37.5635
              ],
              [
                126.9642,
                37.5625
              ],
              [
                126.9636,
                37.5614
              ],
              [
                126.9638,
                37.5613
              ],
              [
                126.9639,
                37.5611
              ],
              [
                126.9641,
                37.5606
              ],
              [
                126.9643,
                37.5604
              ],
              [
                126.9644,
                37.5602
              ],
              [
                126.9646,
                37.5599
              ],
              [
                126.9657,
                37.5606
              ],
              [
                126.9667,
                37.5613
              ],
              [
                126.9671,
                37.5615
              ],
              [
                126.9675,
                37.5617
              ],
              [
                126.9699,
                37.5622
              ],
              [
                126.9715,
                37.5626
              ],
              [
                126.9731,
                37.5629
              ],
              [
                126.9737,
                37.5631
              ],
              [
                126.9752,
                37.5636
              ],
              [
                126.9761,
                37.564
              ],
              [
                126.9766,
                37.5641
              ],
              [
                126.9767,
                37.5643
              ],
              [
                126.9768,
                37.5646
              ],
              [
                126.9769,
                37.5654
              ],
              [
                126.9769,
                37.5676
              ],
              [
                126.9768,
                37.5686
              ],
              [
                126.9762,
                37.569
              ],
              [
                126.9758,
                37.5693
              ],
              [
                126.9758,
                37.5694
              ],
              [
                126.9754,
                37.5694
              ],
              [
                126.9746,
                37.5694
              ],
              [
                126.9744,
                37.5695
              ],
              [
                126.9745,
                37.57
              ],
              [
                126.9769,
                37.57
              ],
              [
                126.9769,
                37.5692
              ],
              [
                126.977,
                37.5684
              ],
              [
                126.9771,
                37.5667
              ],
              [
                126.9771,
                37.5653
              ],
              [
                126.9771,
                37.565
              ],
              [
                126.9774,
                37.5648
              ],
              [
                126.9782,
                37.5649
              ],
              [
                126.9785,
                37.5648
              ],
              [
                126.981,
                37.5621
              ]
            ]
          }
        ]
      },
      "properties": {
        "CONTENTS_NAME": "서쪽 2-㉡대 시위 동선",
        "IMG_MAIN_URL": "",
        "ADDR_OLD": "서울특별시 종로구 종로2가 37-1",
        "ADDR_NEW": "서울특별시 종로구 종로 99",
        "COORD_DATA": "[[126.98795,37.570576],[126.98795,37.570347],[126.98707,37.57032],[126.985565,37.570297],[126.984695,37.57031],[126.97923,37.5703],[126.97923,37.56945],[126.97925,37.569214],[126.9792,37.568512],[126.97919,37.56798],[126.9791,37.566463],[126.97903,37.566196],[126.97889,37.566048],[126.97851,37.565193],[126.978355,37.565098],[126.97781,37.565063],[126.97678,37.56491],[126.97641,37.564896],[126.97591,37.564934],[126.97428,37.56479],[126.97411,37.564793],[126.973946,37.564865],[126.9738,37.56507],[126.97358,37.565273],[126.97356,37.56645],[126.97356,37.56658],[126.97343,37.56708],[126.973366,37.567043],[126.973465,37.566658],[126.97348,37.56639],[126.97352,37.565228],[126.97388,37.564785],[126.97408,37.564713],[126.97572,37.564854],[126.97595,37.564865],[126.97673,37.56485],[126.97693,37.56486],[126.977776,37.564953],[126.97824,37.564964],[126.97857,37.565033],[126.978775,37.565174],[126.9792,37.56597],[126.97925,37.566185],[126.97926,37.566875],[126.97931,37.56794],[126.979324,37.568264],[126.97934,37.568874],[126.97936,37.5694],[126.97938,37.57014],[126.98281,37.570145],[126.984474,37.570137],[126.987175,37.57012],[126.98802,37.570137],[126.988434,37.57014],[126.98881,37.570137],[126.98987,37.5702],[126.99081,37.57023],[126.99213,37.5703],[126.99201,37.57093],[126.99134,37.57292],[126.99039,37.57608],[126.99003,37.57718],[126.98974,37.57731],[126.989296,37.57738],[126.98827,37.57738],[126.987625,37.577366],[126.9873,37.577305],[126.986885,37.5772],[126.98651,37.57706],[126.98587,37.576763],[126.984535,37.57614],[126.98345,37.575684],[126.98314,37.57561],[126.982864,37.575603],[126.980835,37.575905],[126.980194,37.575954],[126.979485,37.575886],[126.97838,37.575737],[126.97718,37.575386],[126.97723,37.573597],[126.977325,37.57028],[126.97502,37.57027],[126.97458,37.570198],[126.97262,37.57018],[126.97191,37.570137],[126.97137,37.569897],[126.96944,37.568565],[126.96884,37.5681],[126.96743,37.56662],[126.96655,37.56571],[126.96597,37.564945],[126.964905,37.56349],[126.964226,37.562477],[126.9636,37.561436],[126.963844,37.561256],[126.963936,37.56106],[126.964096,37.560646],[126.96425,37.560417],[126.964355,37.560215],[126.96455,37.559933],[126.96569,37.560604],[126.9667,37.561333],[126.96709,37.561504],[126.96752,37.56165],[126.96986,37.56221],[126.97154,37.56259],[126.973076,37.56293],[126.9737,37.5631],[126.97515,37.563606],[126.976135,37.563972],[126.97656,37.564144],[126.976654,37.564297],[126.97677,37.5646],[126.976875,37.565445],[126.976875,37.567608],[126.976814,37.56862],[126.97618,37.569004],[126.975845,37.569252],[126.97576,37.569424],[126.97541,37.569363],[126.97459,37.569363],[126.97439,37.569508],[126.97449,37.57001],[126.97693,37.570015],[126.976944,37.569168],[126.97701,37.568417],[126.97706,37.566692],[126.97706,37.56531],[126.97707,37.565044],[126.97742,37.564842],[126.97816,37.56488],[126.97851,37.564842],[126.98104,37.562138]]",
        "COORD_X": "126.987950000",
        "COORD_Y": "37.570576000",
        "TEL_NO": "",
        "CONTENTS_DETAIL": "",
        "CONTENTS_STATUS": "1",
        "EXTRA_DATA_01": "",
        "EXTRA_DATA_02": "",
        "NAME_01": "이동경로",
        "VALUE_01": "파고다  공원 - 서쪽 - 전차 교차점 - (2) 무교정 - 대한문 - 미국영사관 - 대한문 앞 - (ㄴ) 종로 - 청덕궁 - 안국정 - 광화문앞 - 프랑스영사관 - 서소문정 - 서대문정 - 영성문 - 대한문 - 정곡천정 - 본정",
        "NAME_02": "",
        "VALUE_02": "",
        "NAME_03": "※자료 출처",
        "VALUE_03": "경성과 평양의 3.1 운동 / 서울역사박물관 발간도서와 삼일대로 일대 3.1운동 기념 대표가로 조성 방향 및 향추 추진계획 보고서를 참고하여 등록하였습니다. \n3.1운동 이동경로는 도서 내용 토대로 일부 수정되었음을 알려 드립니다.",
        "NAME_04": "",
        "VALUE_04": "",
        "NAME_05": "※자료 출처",
        "VALUE_05": "",
        "NAME_06": "",
        "VALUE_06": "",
        "NAME_07": "",
        "VALUE_07": "",
        "NAME_08": "",
        "VALUE_08": "",
        "NAME_09": "",
        "VALUE_09": "",
        "NAME_10": "",
        "VALUE_10": "",
        "NAME_11": "",
        "VALUE_11": "",
        "NAME_12": "",
        "VALUE_12": "",
        "NAME_13": "",
        "VALUE_13": "",
        "NAME_14": "",
        "VALUE_14": "",
        "NAME_15": "",
        "VALUE_15": "",
        "NAME_16": "",
        "VALUE_16": "",
        "NAME_17": "",
        "VALUE_17": "",
        "NAME_18": "",
        "VALUE_18": "",
        "NAME_19": "",
        "VALUE_19": "",
        "NAME_20": "",
        "VALUE_20": "",
        "COORD_TYPE": "3",
        "LINE_PATTERN": "",
        "LINE_COLOR": "",
        "LINE_WEIGHT": "",
        "MOVIE_URL": "",
        "VOICE_URL": "",
        "NATION_BASE_AREA": "03140",
        "NATION_POINT_NUMBER": "다사54805247",
        "LAN_TYPE": "",
        "KEYWORD": "",
        "SUB_ID": "2-5",
        "COT_CRTFC_YN": ""
      },
      "id": "49"
    },
    {
      "type": "Feature",
      "geometry": {
        "type": "GeometryCollection",
        "geometries": [
          {
            "type": "Point",
            "coordinates": [
              127.0179,
              37.5979
            ]
          }
        ]
      },
      "properties": {
        "CONTENTS_NAME": "돈암리",
        "IMG_MAIN_URL": "",
        "ADDR_OLD": "서울특별시 성북구 돈암동 636",
        "ADDR_NEW": "서울특별시 성북구 북악산로 844",
        "COORD_DATA": "[127.017906336,37.597914488]",
        "COORD_X": "127.017906336",
        "COORD_Y": "37.597914488",
        "TEL_NO": "",
        "CONTENTS_DETAIL": "",
        "CONTENTS_STATUS": "1",
        "EXTRA_DATA_01": "",
        "EXTRA_DATA_02": "",
        "NAME_01": "돈암리",
        "VALUE_01": "27일에도 청량리 부근에서 500여 명, 돈암리에서 50여 명이 시위를 이어갔다.",
        "NAME_02": "",
        "VALUE_02": "",
        "NAME_03": "",
        "VALUE_03": "",
        "NAME_04": "",
        "VALUE_04": "",
        "NAME_05": "※자료 출처",
        "VALUE_05": "경성과 평양의 3.1 운동 / 서울역사박물관 발간도서와 삼일대로 일대 3.1운동 기념 대표가로 조성 방향 및 향추 추진계획 보고서를 참고하여 등록하였습니다. \n3.1운동 이동경로는 도서 내용 토대로 일부 수정되었음을 알려 드립니다.",
        "NAME_06": "",
        "VALUE_06": "",
        "NAME_07": "",
        "VALUE_07": "",
        "NAME_08": "",
        "VALUE_08": "",
        "NAME_09": "",
        "VALUE_09": "",
        "NAME_10": "",
        "VALUE_10": "",
        "NAME_11": "",
        "VALUE_11": "",
        "NAME_12": "",
        "VALUE_12": "",
        "NAME_13": "",
        "VALUE_13": "",
        "NAME_14": "",
        "VALUE_14": "",
        "NAME_15": "",
        "VALUE_15": "",
        "NAME_16": "",
        "VALUE_16": "",
        "NAME_17": "",
        "VALUE_17": "",
        "NAME_18": "",
        "VALUE_18": "",
        "NAME_19": "",
        "VALUE_19": "",
        "NAME_20": "",
        "VALUE_20": "",
        "COORD_TYPE": "1",
        "LINE_PATTERN": "",
        "LINE_COLOR": "",
        "LINE_WEIGHT": "",
        "MOVIE_URL": "",
        "VOICE_URL": "",
        "NATION_BASE_AREA": "02828",
        "NATION_POINT_NUMBER": "다사57445549",
        "LAN_TYPE": "",
        "KEYWORD": "",
        "SUB_ID": "3",
        "COT_CRTFC_YN": ""
      },
      "id": "5"
    },
    {
      "type": "Feature",
      "geometry": {
        "type": "GeometryCollection",
        "geometries": [
          {
            "type": "LineString",
            "coordinates": [
              [
                126.9641,
                37.5607
              ],
              [
                126.9643,
                37.5604
              ],
              [
                126.9644,
                37.5602
              ],
              [
                126.9646,
                37.56
              ],
              [
                126.9656,
                37.5606
              ],
              [
                126.9666,
                37.5613
              ],
              [
                126.968,
                37.5618
              ],
              [
                126.9717,
                37.5626
              ],
              [
                126.9721,
                37.5627
              ],
              [
                126.9724,
                37.5628
              ],
              [
                126.9731,
                37.5629
              ],
              [
                126.9729,
                37.5634
              ],
              [
                126.9729,
                37.5637
              ],
              [
                126.9729,
                37.5646
              ],
              [
                126.9728,
                37.565
              ],
              [
                126.9732,
                37.5652
              ],
              [
                126.9733,
                37.5653
              ],
              [
                126.9725,
                37.5658
              ],
              [
                126.9719,
                37.5661
              ],
              [
                126.9708,
                37.5666
              ],
              [
                126.9701,
                37.5672
              ],
              [
                126.9697,
                37.5678
              ],
              [
                126.9694,
                37.5683
              ],
              [
                126.9709,
                37.5693
              ],
              [
                126.9711,
                37.5691
              ],
              [
                126.9715,
                37.569
              ],
              [
                126.9723,
                37.5693
              ],
              [
                126.9727,
                37.5694
              ],
              [
                126.9732,
                37.5694
              ],
              [
                126.9744,
                37.5695
              ],
              [
                126.9758,
                37.5694
              ],
              [
                126.9759,
                37.5692
              ],
              [
                126.9762,
                37.569
              ],
              [
                126.9766,
                37.5687
              ],
              [
                126.9774,
                37.5684
              ],
              [
                126.9773,
                37.5672
              ],
              [
                126.9774,
                37.5657
              ],
              [
                126.9774,
                37.5652
              ],
              [
                126.9785,
                37.5651
              ],
              [
                126.9787,
                37.5647
              ],
              [
                126.9795,
                37.5639
              ],
              [
                126.9805,
                37.5628
              ],
              [
                126.9812,
                37.562
              ],
              [
                126.9816,
                37.5612
              ],
              [
                126.9832,
                37.5613
              ],
              [
                126.985,
                37.5616
              ],
              [
                126.9848,
                37.5624
              ],
              [
                126.987,
                37.5634
              ]
            ]
          }
        ]
      },
      "properties": {
        "CONTENTS_NAME": "동쪽 2대 시위 동선",
        "IMG_MAIN_URL": "",
        "ADDR_OLD": "서울특별시 서대문구 충정로3가 346-2",
        "ADDR_NEW": "서울특별시 서대문구 충정로4길 17",
        "COORD_DATA": "[[126.964096,37.560658],[126.964264,37.560413],[126.9644,37.560158],[126.96456,37.559956],[126.96555,37.560555],[126.966576,37.56133],[126.968025,37.56179],[126.97171,37.562626],[126.9721,37.562702],[126.97241,37.562767],[126.97307,37.5629],[126.97294,37.563404],[126.97289,37.563663],[126.97289,37.564598],[126.97277,37.565025],[126.97317,37.565178],[126.97326,37.565292],[126.97248,37.5658],[126.9719,37.566147],[126.970795,37.566624],[126.97007,37.567184],[126.96968,37.567795],[126.9694,37.56832],[126.97085,37.56929],[126.971115,37.569084],[126.97148,37.56895],[126.97233,37.569252],[126.97271,37.569427],[126.973206,37.569443],[126.97437,37.56947],[126.97579,37.56943],[126.97592,37.569202],[126.97616,37.569027],[126.97664,37.568718],[126.97735,37.568424],[126.97733,37.56721],[126.97737,37.56573],[126.97737,37.565163],[126.978516,37.56511],[126.97873,37.56471],[126.97953,37.56386],[126.98046,37.56284],[126.981224,37.561966],[126.981606,37.561153],[126.9832,37.561314],[126.98499,37.561554],[126.98482,37.56244],[126.98698,37.56341]]",
        "COORD_X": "126.964095187",
        "COORD_Y": "37.560659341",
        "TEL_NO": "",
        "CONTENTS_DETAIL": "",
        "CONTENTS_STATUS": "1",
        "EXTRA_DATA_01": "",
        "EXTRA_DATA_02": "",
        "NAME_01": "이동경로",
        "VALUE_01": "동쪽1대(파고다 공원 - 동쪽 - 창덕궁 앞 - 안국동 - 광화문 - 프랑스영사관)에서 분리 > 미국영사관 또는 영성문 - 대한문 앞 - 장곡천정 - 본점 - 종로 - 동대문",
        "NAME_02": "",
        "VALUE_02": "",
        "NAME_03": "",
        "VALUE_03": "",
        "NAME_04": "",
        "VALUE_04": "",
        "NAME_05": "※자료 출처",
        "VALUE_05": "경성과 평양의 3.1 운동 / 서울역사박물관 발간도서와 삼일대로 일대 3.1운동 기념 대표가로 조성 방향 및 향추 추진계획 보고서를 참고하여 등록하였습니다. \n3.1운동 이동경로는 도서 내용 토대로 일부 수정되었음을 알려 드립니다.",
        "NAME_06": "",
        "VALUE_06": "",
        "NAME_07": "",
        "VALUE_07": "",
        "NAME_08": "",
        "VALUE_08": "",
        "NAME_09": "",
        "VALUE_09": "",
        "NAME_10": "",
        "VALUE_10": "",
        "NAME_11": "",
        "VALUE_11": "",
        "NAME_12": "",
        "VALUE_12": "",
        "NAME_13": "",
        "VALUE_13": "",
        "NAME_14": "",
        "VALUE_14": "",
        "NAME_15": "",
        "VALUE_15": "",
        "NAME_16": "",
        "VALUE_16": "",
        "NAME_17": "",
        "VALUE_17": "",
        "NAME_18": "",
        "VALUE_18": "",
        "NAME_19": "",
        "VALUE_19": "",
        "NAME_20": "",
        "VALUE_20": "",
        "COORD_TYPE": "3",
        "LINE_PATTERN": "",
        "LINE_COLOR": "",
        "LINE_WEIGHT": "",
        "MOVIE_URL": "",
        "VOICE_URL": "",
        "NATION_BASE_AREA": "03741",
        "NATION_POINT_NUMBER": "다사53465162",
        "LAN_TYPE": "",
        "KEYWORD": "",
        "SUB_ID": "2-3",
        "COT_CRTFC_YN": ""
      },
      "id": "50"
    },
    {
      "type": "Feature",
      "geometry": {
        "type": "GeometryCollection",
        "geometries": [
          {
            "type": "LineString",
            "coordinates": [
              [
                126.9882,
                37.5706
              ],
              [
                126.9882,
                37.5702
              ],
              [
                126.9876,
                37.5702
              ],
              [
                126.9834,
                37.5702
              ],
              [
                126.9829,
                37.5702
              ],
              [
                126.9828,
                37.5689
              ],
              [
                126.9827,
                37.5677
              ],
              [
                126.9825,
                37.5655
              ],
              [
                126.9821,
                37.5639
              ],
              [
                126.9816,
                37.5626
              ],
              [
                126.9813,
                37.5621
              ],
              [
                126.9808,
                37.5617
              ],
              [
                126.9801,
                37.5615
              ],
              [
                126.9776,
                37.561
              ],
              [
                126.9762,
                37.5606
              ],
              [
                126.9755,
                37.5603
              ],
              [
                126.9752,
                37.5602
              ],
              [
                126.9749,
                37.56
              ],
              [
                126.9744,
                37.5594
              ],
              [
                126.9732,
                37.5581
              ],
              [
                126.9726,
                37.5574
              ],
              [
                126.9723,
                37.5574
              ],
              [
                126.9721,
                37.5576
              ],
              [
                126.9717,
                37.5585
              ],
              [
                126.9715,
                37.5593
              ],
              [
                126.9713,
                37.5598
              ],
              [
                126.9698,
                37.5618
              ],
              [
                126.9698,
                37.562
              ],
              [
                126.9731,
                37.5627
              ],
              [
                126.9729,
                37.5634
              ],
              [
                126.9729,
                37.5636
              ],
              [
                126.9729,
                37.5643
              ],
              [
                126.9729,
                37.5645
              ],
              [
                126.9728,
                37.5647
              ],
              [
                126.9728,
                37.565
              ],
              [
                126.9731,
                37.5652
              ],
              [
                126.9732,
                37.5653
              ],
              [
                126.9719,
                37.5661
              ],
              [
                126.9711,
                37.5665
              ],
              [
                126.9711,
                37.5665
              ],
              [
                126.9719,
                37.5661
              ],
              [
                126.9732,
                37.5653
              ],
              [
                126.9732,
                37.5652
              ],
              [
                126.9728,
                37.565
              ],
              [
                126.9729,
                37.5647
              ],
              [
                126.9729,
                37.5645
              ],
              [
                126.9729,
                37.5636
              ],
              [
                126.9729,
                37.5635
              ],
              [
                126.9731,
                37.5628
              ],
              [
                126.9738,
                37.563
              ],
              [
                126.9749,
                37.5634
              ],
              [
                126.9768,
                37.5641
              ],
              [
                126.9769,
                37.5646
              ],
              [
                126.9769,
                37.5648
              ],
              [
                126.9769,
                37.5648
              ],
              [
                126.9768,
                37.5646
              ],
              [
                126.9767,
                37.5641
              ],
              [
                126.9751,
                37.5635
              ],
              [
                126.9737,
                37.563
              ],
              [
                126.9731,
                37.5629
              ],
              [
                126.9729,
                37.5635
              ],
              [
                126.9729,
                37.5636
              ],
              [
                126.9729,
                37.5642
              ],
              [
                126.9729,
                37.5645
              ],
              [
                126.9729,
                37.5647
              ],
              [
                126.9728,
                37.565
              ],
              [
                126.9732,
                37.5652
              ],
              [
                126.9733,
                37.5653
              ],
              [
                126.9726,
                37.5657
              ],
              [
                126.9719,
                37.5662
              ],
              [
                126.971,
                37.5666
              ],
              [
                126.9706,
                37.5668
              ],
              [
                126.9702,
                37.5671
              ],
              [
                126.9698,
                37.5677
              ],
              [
                126.9695,
                37.5682
              ],
              [
                126.9696,
                37.5685
              ],
              [
                126.9713,
                37.5696
              ],
              [
                126.9716,
                37.5698
              ],
              [
                126.9721,
                37.57
              ],
              [
                126.9726,
                37.57
              ],
              [
                126.9726,
                37.5708
              ],
              [
                126.9727,
                37.5716
              ],
              [
                126.9727,
                37.5731
              ],
              [
                126.9727,
                37.5739
              ],
              [
                126.9727,
                37.5752
              ],
              [
                126.9726,
                37.5761
              ],
              [
                126.9725,
                37.5766
              ],
              [
                126.9734,
                37.5765
              ],
              [
                126.9742,
                37.5764
              ],
              [
                126.9744,
                37.5757
              ],
              [
                126.9768,
                37.5754
              ],
              [
                126.9769,
                37.5701
              ],
              [
                126.974,
                37.5701
              ],
              [
                126.9723,
                37.5701
              ],
              [
                126.9721,
                37.5701
              ],
              [
                126.9715,
                37.5698
              ],
              [
                126.9693,
                37.5683
              ],
              [
                126.9683,
                37.5672
              ],
              [
                126.9672,
                37.5662
              ],
              [
                126.9665,
                37.5654
              ],
              [
                126.9656,
                37.5643
              ],
              [
                126.9643,
                37.5624
              ],
              [
                126.9638,
                37.5614
              ],
              [
                126.9638,
                37.5613
              ],
              [
                126.9638,
                37.5613
              ],
              [
                126.9639,
                37.5611
              ],
              [
                126.9641,
                37.5607
              ],
              [
                126.9642,
                37.5605
              ],
              [
                126.9644,
                37.5602
              ],
              [
                126.9645,
                37.5599
              ],
              [
                126.9646,
                37.5598
              ],
              [
                126.9657,
                37.5604
              ],
              [
                126.9665,
                37.5611
              ],
              [
                126.9675,
                37.5615
              ],
              [
                126.9695,
                37.562
              ],
              [
                126.9714,
                37.5625
              ],
              [
                126.9729,
                37.5628
              ],
              [
                126.9738,
                37.563
              ],
              [
                126.9769,
                37.564
              ],
              [
                126.9775,
                37.5648
              ],
              [
                126.9777,
                37.5649
              ],
              [
                126.9785,
                37.5648
              ],
              [
                126.9788,
                37.5645
              ],
              [
                126.9794,
                37.5639
              ],
              [
                126.9811,
                37.5621
              ],
              [
                126.9813,
                37.5616
              ],
              [
                126.9817,
                37.5606
              ],
              [
                126.9823,
                37.5607
              ],
              [
                126.9851,
                37.561
              ],
              [
                126.9867,
                37.5611
              ]
            ]
          }
        ]
      },
      "properties": {
        "CONTENTS_NAME": "서쪽 1대 시위 동선",
        "IMG_MAIN_URL": "",
        "ADDR_OLD": "서울특별시 종로구 종로2가 37-1",
        "ADDR_NEW": "서울특별시 종로구 종로 99",
        "COORD_DATA": "[[126.9882,37.57058],[126.988205,37.570244],[126.987625,37.57022],[126.98343,37.570206],[126.982864,37.570194],[126.98276,37.56889],[126.98272,37.567665],[126.982506,37.565483],[126.98208,37.56393],[126.98159,37.562603],[126.98125,37.56209],[126.98077,37.56167],[126.98014,37.561504],[126.97758,37.561012],[126.97622,37.560555],[126.975464,37.560314],[126.97515,37.560177],[126.97488,37.559975],[126.974365,37.559418],[126.97324,37.55809],[126.97261,37.557446],[126.972336,37.557446],[126.97211,37.557568],[126.97169,37.558464],[126.97147,37.559338],[126.97127,37.55984],[126.9698,37.56184],[126.96976,37.56195],[126.97305,37.562717],[126.97287,37.563435],[126.972855,37.56361],[126.97286,37.564327],[126.97285,37.56454],[126.97284,37.56469],[126.972755,37.565014],[126.97313,37.56519],[126.97315,37.565334],[126.971886,37.5661],[126.97105,37.566486],[126.97107,37.566517],[126.9719,37.56613],[126.9732,37.56534],[126.97317,37.56518],[126.97279,37.564995],[126.97286,37.564743],[126.972885,37.56453],[126.97289,37.563583],[126.97291,37.56346],[126.97306,37.562843],[126.973755,37.563004],[126.974915,37.563396],[126.97678,37.564087],[126.97692,37.56458],[126.976944,37.56481],[126.97685,37.564816],[126.976845,37.564575],[126.9767,37.56413],[126.975075,37.563496],[126.97374,37.563038],[126.97308,37.562874],[126.972946,37.563503],[126.97293,37.56359],[126.97292,37.56422],[126.972916,37.56451],[126.9729,37.56469],[126.972824,37.564987],[126.97321,37.56517],[126.97325,37.565342],[126.97263,37.565746],[126.97192,37.566162],[126.97097,37.566597],[126.970566,37.56682],[126.97022,37.56712],[126.96977,37.567654],[126.96952,37.568207],[126.96961,37.56846],[126.971306,37.569614],[126.97158,37.56979],[126.972115,37.57002],[126.972626,37.570023],[126.972626,37.570816],[126.9727,37.571568],[126.97269,37.573097],[126.97267,37.57394],[126.972664,37.575245],[126.97263,37.576084],[126.97249,37.57658],[126.97339,37.57654],[126.974236,37.576427],[126.974365,37.57571],[126.97682,37.575436],[126.97688,37.570103],[126.97402,37.570087],[126.97232,37.57009],[126.97205,37.570084],[126.971504,37.569847],[126.9693,37.56834],[126.96825,37.567223],[126.96721,37.566216],[126.96649,37.56541],[126.965645,37.564262],[126.96434,37.562374],[126.96375,37.56141],[126.96381,37.56128],[126.96384,37.561253],[126.963905,37.561134],[126.964066,37.56069],[126.96423,37.560455],[126.96436,37.56021],[126.96452,37.559944],[126.96459,37.559826],[126.96571,37.560436],[126.966545,37.561058],[126.96746,37.561535],[126.96946,37.562046],[126.97136,37.56247],[126.972855,37.56276],[126.97378,37.562973],[126.976906,37.564045],[126.97749,37.564827],[126.97774,37.564877],[126.97848,37.564835],[126.978806,37.564472],[126.9794,37.56386],[126.98112,37.562145],[126.98133,37.561607],[126.981735,37.560616],[126.98226,37.560688],[126.98514,37.560997],[126.98674,37.5611]]",
        "COORD_X": "126.988200000",
        "COORD_Y": "37.570580000",
        "TEL_NO": "",
        "CONTENTS_DETAIL": "",
        "CONTENTS_STATUS": "1",
        "EXTRA_DATA_01": "",
        "EXTRA_DATA_02": "",
        "NAME_01": "이동경로",
        "VALUE_01": "파고다공원 - 서쪽 - 종로1정목 - 남대문정거장 - 의주통 - 미국영사관 - 이화학당 - 대한문 앞 - 광화문 - 조선보병대 앞 - 서대문정 - 전차 교차점 - 프랑스영사관 - 서소문정 - 장곡천정 - 본정2정목",
        "NAME_02": "",
        "VALUE_02": "",
        "NAME_03": "",
        "VALUE_03": "",
        "NAME_04": "",
        "VALUE_04": "",
        "NAME_05": "※자료 출처",
        "VALUE_05": "경성과 평양의 3.1 운동 / 서울역사박물관 발간도서와 삼일대로 일대 3.1운동 기념 대표가로 조성 방향 및 향추 추진계획 보고서를 참고하여 등록하였습니다. \n3.1운동 이동경로는 도서 내용 토대로 일부 수정되었음을 알려 드립니다.",
        "NAME_06": "",
        "VALUE_06": "",
        "NAME_07": "",
        "VALUE_07": "",
        "NAME_08": "",
        "VALUE_08": "",
        "NAME_09": "",
        "VALUE_09": "",
        "NAME_10": "",
        "VALUE_10": "",
        "NAME_11": "",
        "VALUE_11": "",
        "NAME_12": "",
        "VALUE_12": "",
        "NAME_13": "",
        "VALUE_13": "",
        "NAME_14": "",
        "VALUE_14": "",
        "NAME_15": "",
        "VALUE_15": "",
        "NAME_16": "",
        "VALUE_16": "",
        "NAME_17": "",
        "VALUE_17": "",
        "NAME_18": "",
        "VALUE_18": "",
        "NAME_19": "",
        "VALUE_19": "",
        "NAME_20": "",
        "VALUE_20": "",
        "COORD_TYPE": "3",
        "LINE_PATTERN": "",
        "LINE_COLOR": "",
        "LINE_WEIGHT": "",
        "MOVIE_URL": "",
        "VOICE_URL": "",
        "NATION_BASE_AREA": "03140",
        "NATION_POINT_NUMBER": "다사54805247",
        "LAN_TYPE": "",
        "KEYWORD": "",
        "SUB_ID": "2-2",
        "COT_CRTFC_YN": ""
      },
      "id": "51"
    },
    {
      "type": "Feature",
      "geometry": {
        "type": "GeometryCollection",
        "geometries": [
          {
            "type": "LineString",
            "coordinates": [
              [
                126.9883,
                37.5706
              ],
              [
                126.9883,
                37.5703
              ],
              [
                126.9923,
                37.5705
              ],
              [
                126.9921,
                37.571
              ],
              [
                126.9911,
                37.5744
              ],
              [
                126.9902,
                37.5775
              ],
              [
                126.9881,
                37.5775
              ],
              [
                126.9874,
                37.5774
              ],
              [
                126.9867,
                37.5771
              ],
              [
                126.9862,
                37.577
              ],
              [
                126.9855,
                37.5766
              ],
              [
                126.9843,
                37.576
              ],
              [
                126.9837,
                37.5758
              ],
              [
                126.9829,
                37.5756
              ],
              [
                126.9822,
                37.5758
              ],
              [
                126.9804,
                37.576
              ],
              [
                126.9793,
                37.576
              ],
              [
                126.9777,
                37.5758
              ],
              [
                126.9764,
                37.5758
              ],
              [
                126.9765,
                37.5703
              ],
              [
                126.9761,
                37.5703
              ],
              [
                126.9735,
                37.5703
              ],
              [
                126.9722,
                37.5702
              ],
              [
                126.9719,
                37.5702
              ],
              [
                126.9714,
                37.57
              ],
              [
                126.9703,
                37.5693
              ],
              [
                126.9691,
                37.5684
              ],
              [
                126.9684,
                37.5677
              ],
              [
                126.9668,
                37.5662
              ],
              [
                126.9661,
                37.5653
              ],
              [
                126.9655,
                37.5645
              ],
              [
                126.9646,
                37.5632
              ],
              [
                126.9637,
                37.5618
              ],
              [
                126.9635,
                37.5615
              ],
              [
                126.9638,
                37.5613
              ],
              [
                126.9639,
                37.5611
              ],
              [
                126.964,
                37.561
              ],
              [
                126.964,
                37.5608
              ],
              [
                126.9641,
                37.5606
              ],
              [
                126.9643,
                37.5604
              ],
              [
                126.9644,
                37.5602
              ],
              [
                126.9647,
                37.5598
              ],
              [
                126.9658,
                37.5604
              ],
              [
                126.9668,
                37.5612
              ],
              [
                126.9672,
                37.5613
              ],
              [
                126.9677,
                37.5615
              ],
              [
                126.9697,
                37.562
              ],
              [
                126.9709,
                37.5622
              ],
              [
                126.972,
                37.5625
              ],
              [
                126.9727,
                37.5627
              ],
              [
                126.9733,
                37.5628
              ],
              [
                126.9739,
                37.563
              ],
              [
                126.9748,
                37.5633
              ],
              [
                126.9755,
                37.5636
              ]
            ]
          }
        ]
      },
      "properties": {
        "CONTENTS_NAME": "동쪽 1대 시위 동선",
        "IMG_MAIN_URL": "/smgis/ucimgs/conts/11100550/11100550_31timemap_20260605202553_1.jpg",
        "ADDR_OLD": "서울특별시 종로구 종로2가 37-1",
        "ADDR_NEW": "서울특별시 종로구 종로 99",
        "COORD_DATA": "[[126.98833,37.570587],[126.988335,37.570343],[126.99228,37.57046],[126.99214,37.57095],[126.991066,37.57444],[126.99015,37.577454],[126.98813,37.577457],[126.98738,37.57741],[126.98666,37.577145],[126.98622,37.576992],[126.98548,37.576626],[126.9843,37.576042],[126.98371,37.575832],[126.982895,37.575623],[126.98216,37.57575],[126.98039,37.57599],[126.97927,37.575954],[126.97769,37.575764],[126.9764,37.57577],[126.976524,37.570286],[126.9761,37.57028],[126.97351,37.57025],[126.97219,37.570244],[126.97188,37.5702],[126.97138,37.569984],[126.970314,37.56926],[126.969086,37.56841],[126.968376,37.567703],[126.96681,37.566185],[126.96605,37.56526],[126.96552,37.56454],[126.96458,37.563183],[126.96369,37.561813],[126.963486,37.561462],[126.96381,37.561268],[126.963905,37.561127],[126.96397,37.56095],[126.96403,37.560776],[126.96414,37.56058],[126.96426,37.560432],[126.964355,37.560177],[126.96466,37.559814],[126.96577,37.560417],[126.96679,37.56117],[126.96717,37.561348],[126.96772,37.56151],[126.969666,37.561966],[126.97092,37.562244],[126.97197,37.562504],[126.97269,37.562664],[126.97327,37.5628],[126.97387,37.562973],[126.97482,37.563328],[126.97554,37.563602]]",
        "COORD_X": "126.988330000",
        "COORD_Y": "37.570587000",
        "TEL_NO": "",
        "CONTENTS_DETAIL": "",
        "CONTENTS_STATUS": "1",
        "EXTRA_DATA_01": "",
        "EXTRA_DATA_02": "",
        "NAME_01": "이동경로",
        "VALUE_01": "파고다 공원 - 동쪽 - 창덕궁 앞 - 안국동 - 광화문 - 프랑스영사관 - 서소문청정",
        "NAME_02": "",
        "VALUE_02": "",
        "NAME_03": "",
        "VALUE_03": "",
        "NAME_04": "",
        "VALUE_04": "",
        "NAME_05": "※자료 출처",
        "VALUE_05": "경성과 평양의 3.1 운동 / 서울역사박물관 발간도서와 삼일대로 일대 3.1운동 기념 대표가로 조성 방향 및 향추 추진계획 보고서를 참고하여 등록하였습니다. \n3.1운동 이동경로는 도서 내용 토대로 일부 수정되었음을 알려 드립니다.",
        "NAME_06": "",
        "VALUE_06": "",
        "NAME_07": "",
        "VALUE_07": "",
        "NAME_08": "",
        "VALUE_08": "",
        "NAME_09": "",
        "VALUE_09": "",
        "NAME_10": "",
        "VALUE_10": "",
        "NAME_11": "",
        "VALUE_11": "",
        "NAME_12": "",
        "VALUE_12": "",
        "NAME_13": "",
        "VALUE_13": "",
        "NAME_14": "",
        "VALUE_14": "",
        "NAME_15": "",
        "VALUE_15": "",
        "NAME_16": "",
        "VALUE_16": "",
        "NAME_17": "",
        "VALUE_17": "",
        "NAME_18": "",
        "VALUE_18": "",
        "NAME_19": "",
        "VALUE_19": "",
        "NAME_20": "",
        "VALUE_20": "",
        "COORD_TYPE": "3",
        "LINE_PATTERN": "",
        "LINE_COLOR": "",
        "LINE_WEIGHT": "",
        "MOVIE_URL": "",
        "VOICE_URL": "",
        "NATION_BASE_AREA": "03140",
        "NATION_POINT_NUMBER": "다사54805249",
        "LAN_TYPE": "",
        "KEYWORD": "",
        "SUB_ID": "2-1",
        "COT_CRTFC_YN": ""
      },
      "id": "52"
    },
    {
      "type": "Feature",
      "geometry": {
        "type": "GeometryCollection",
        "geometries": [
          {
            "type": "LineString",
            "coordinates": [
              [
                126.9881,
                37.5706
              ],
              [
                126.9881,
                37.5703
              ],
              [
                126.9859,
                37.5703
              ],
              [
                126.9835,
                37.5702
              ],
              [
                126.9793,
                37.5702
              ],
              [
                126.9793,
                37.5691
              ],
              [
                126.9793,
                37.5684
              ],
              [
                126.9793,
                37.5674
              ],
              [
                126.9792,
                37.5661
              ],
              [
                126.9791,
                37.5659
              ],
              [
                126.9786,
                37.5651
              ],
              [
                126.9784,
                37.5651
              ],
              [
                126.9776,
                37.5651
              ],
              [
                126.9773,
                37.565
              ],
              [
                126.977,
                37.5648
              ],
              [
                126.9767,
                37.5648
              ],
              [
                126.9761,
                37.5649
              ],
              [
                126.9758,
                37.5649
              ],
              [
                126.975,
                37.5648
              ],
              [
                126.9741,
                37.5647
              ],
              [
                126.9739,
                37.5648
              ],
              [
                126.9737,
                37.5651
              ],
              [
                126.9735,
                37.5653
              ],
              [
                126.9735,
                37.5659
              ],
              [
                126.9735,
                37.5664
              ],
              [
                126.9735,
                37.5667
              ],
              [
                126.9733,
                37.5671
              ],
              [
                126.9734,
                37.5671
              ],
              [
                126.9736,
                37.5666
              ],
              [
                126.9736,
                37.5664
              ],
              [
                126.9736,
                37.5653
              ],
              [
                126.9738,
                37.5651
              ],
              [
                126.974,
                37.5648
              ],
              [
                126.9741,
                37.5648
              ],
              [
                126.9748,
                37.5649
              ],
              [
                126.9752,
                37.5649
              ],
              [
                126.9759,
                37.565
              ],
              [
                126.9763,
                37.5649
              ],
              [
                126.9766,
                37.5649
              ],
              [
                126.977,
                37.565
              ],
              [
                126.9771,
                37.5652
              ],
              [
                126.9772,
                37.5661
              ],
              [
                126.9771,
                37.5676
              ],
              [
                126.977,
                37.5698
              ],
              [
                126.977,
                37.5721
              ],
              [
                126.977,
                37.5757
              ],
              [
                126.9767,
                37.5757
              ],
              [
                126.9768,
                37.5701
              ],
              [
                126.9722,
                37.5701
              ],
              [
                126.9717,
                37.57
              ],
              [
                126.9711,
                37.5696
              ],
              [
                126.9704,
                37.5691
              ],
              [
                126.9691,
                37.5682
              ],
              [
                126.9682,
                37.5673
              ],
              [
                126.9674,
                37.5665
              ],
              [
                126.9662,
                37.5651
              ],
              [
                126.9651,
                37.5636
              ],
              [
                126.9639,
                37.5617
              ],
              [
                126.9637,
                37.5614
              ],
              [
                126.9638,
                37.5613
              ],
              [
                126.9639,
                37.5611
              ],
              [
                126.9641,
                37.5607
              ],
              [
                126.9644,
                37.5602
              ],
              [
                126.9646,
                37.5599
              ],
              [
                126.9657,
                37.5606
              ],
              [
                126.9663,
                37.5611
              ],
              [
                126.9669,
                37.5614
              ],
              [
                126.9672,
                37.5616
              ],
              [
                126.9693,
                37.5621
              ],
              [
                126.9736,
                37.563
              ],
              [
                126.9743,
                37.5632
              ],
              [
                126.9753,
                37.5636
              ],
              [
                126.9767,
                37.5642
              ],
              [
                126.9773,
                37.5647
              ],
              [
                126.9774,
                37.5649
              ],
              [
                126.9782,
                37.5649
              ],
              [
                126.9785,
                37.5649
              ],
              [
                126.9787,
                37.5647
              ],
              [
                126.9801,
                37.5633
              ],
              [
                126.9811,
                37.5621
              ]
            ]
          }
        ]
      },
      "properties": {
        "CONTENTS_NAME": "서쪽2-㉠대 시위 동선",
        "IMG_MAIN_URL": "",
        "ADDR_OLD": "서울특별시 종로구 종로2가 37-1",
        "ADDR_NEW": "서울특별시 종로구 종로 99",
        "COORD_DATA": "[[126.98809,37.57058],[126.98811,37.570305],[126.985916,37.57025],[126.98345,37.570236],[126.97932,37.57023],[126.979294,37.569073],[126.97926,37.56842],[126.979256,37.567383],[126.97919,37.566097],[126.97907,37.565853],[126.97855,37.56511],[126.97835,37.56506],[126.97759,37.56505],[126.97725,37.565],[126.976974,37.56483],[126.97668,37.564835],[126.97611,37.564888],[126.97582,37.56491],[126.97495,37.564842],[126.97409,37.56475],[126.973946,37.564796],[126.97372,37.56505],[126.97347,37.565327],[126.97349,37.56585],[126.97348,37.566425],[126.97347,37.566654],[126.973335,37.567112],[126.9734,37.567127],[126.973564,37.56655],[126.97356,37.566425],[126.973564,37.565285],[126.97383,37.565067],[126.97398,37.564842],[126.97414,37.564796],[126.974785,37.564857],[126.97518,37.564903],[126.97587,37.564964],[126.97628,37.564915],[126.97663,37.564888],[126.97697,37.56499],[126.977104,37.565197],[126.97715,37.566063],[126.97714,37.567562],[126.977005,37.569786],[126.97703,37.572086],[126.97702,37.5757],[126.97668,37.575706],[126.97678,37.57013],[126.97223,37.570126],[126.97166,37.569958],[126.97108,37.569633],[126.97036,37.569107],[126.96908,37.568165],[126.96822,37.56731],[126.96742,37.566517],[126.966156,37.5651],[126.96509,37.563595],[126.963875,37.56167],[126.963684,37.56135],[126.96384,37.561256],[126.963936,37.561073],[126.96408,37.56068],[126.96437,37.56017],[126.964554,37.55993],[126.96566,37.560555],[126.9663,37.561066],[126.96689,37.56144],[126.96721,37.561558],[126.969345,37.562073],[126.973595,37.563038],[126.97425,37.56325],[126.97528,37.56364],[126.97674,37.564194],[126.977325,37.56472],[126.97739,37.56491],[126.97823,37.564907],[126.9785,37.564857],[126.97874,37.564663],[126.98006,37.563274],[126.98106,37.562096]]",
        "COORD_X": "126.988090000",
        "COORD_Y": "37.570580000",
        "TEL_NO": "",
        "CONTENTS_DETAIL": "",
        "CONTENTS_STATUS": "1",
        "EXTRA_DATA_01": "",
        "EXTRA_DATA_02": "",
        "NAME_01": "이동경로",
        "VALUE_01": "파고다  공원 - 서쪽 - 전차 교차점 - 프랑스영사관 - 서소문정 - 정곡천정 - 본정 2정목 - 무교정 - 대한문 - 미국영사관 - 대한문 앞 - 광화문 - 조선보병대 앞 - 서대문청 - 프랑스영사관 - 서소문정 - 장곡천정 - 본정",
        "NAME_02": "",
        "VALUE_02": "",
        "NAME_03": "",
        "VALUE_03": "",
        "NAME_04": "※자료 출처",
        "VALUE_04": "경성과 평양의 3.1 운동 / 서울역사박물관 발간도서와 삼일대로 일대 3.1운동 기념 대표가로 조성 방향 및 향추 추진계획 보고서를 참고하여 등록하였습니다. \n3.1운동 이동경로는 도서 내용 토대로 일부 수정되었음을 알려 드립니다.",
        "NAME_05": "※자료 출처",
        "VALUE_05": "",
        "NAME_06": "",
        "VALUE_06": "",
        "NAME_07": "",
        "VALUE_07": "",
        "NAME_08": "",
        "VALUE_08": "",
        "NAME_09": "",
        "VALUE_09": "",
        "NAME_10": "",
        "VALUE_10": "",
        "NAME_11": "",
        "VALUE_11": "",
        "NAME_12": "",
        "VALUE_12": "",
        "NAME_13": "",
        "VALUE_13": "",
        "NAME_14": "",
        "VALUE_14": "",
        "NAME_15": "",
        "VALUE_15": "",
        "NAME_16": "",
        "VALUE_16": "",
        "NAME_17": "",
        "VALUE_17": "",
        "NAME_18": "",
        "VALUE_18": "",
        "NAME_19": "",
        "VALUE_19": "",
        "NAME_20": "",
        "VALUE_20": "",
        "COORD_TYPE": "3",
        "LINE_PATTERN": "",
        "LINE_COLOR": "",
        "LINE_WEIGHT": "",
        "MOVIE_URL": "",
        "VOICE_URL": "",
        "NATION_BASE_AREA": "03140",
        "NATION_POINT_NUMBER": "다사54795248",
        "LAN_TYPE": "",
        "KEYWORD": "",
        "SUB_ID": "2-4",
        "COT_CRTFC_YN": ""
      },
      "id": "53"
    },
    {
      "type": "Feature",
      "geometry": {
        "type": "GeometryCollection",
        "geometries": [
          {
            "type": "LineString",
            "coordinates": [
              [
                126.9721,
                37.5577
              ],
              [
                126.9719,
                37.5584
              ],
              [
                126.9716,
                37.5593
              ],
              [
                126.9717,
                37.5595
              ],
              [
                126.9717,
                37.5595
              ],
              [
                126.9716,
                37.5597
              ],
              [
                126.9715,
                37.5598
              ],
              [
                126.9713,
                37.5601
              ],
              [
                126.9709,
                37.5606
              ],
              [
                126.9707,
                37.5609
              ],
              [
                126.9702,
                37.5615
              ],
              [
                126.97,
                37.5619
              ]
            ]
          }
        ]
      },
      "properties": {
        "CONTENTS_NAME": "이동경로 서대 2_2",
        "IMG_MAIN_URL": "",
        "ADDR_OLD": "서울특별시 중구 남대문로5가 9-2",
        "ADDR_NEW": "서울특별시 중구 통일로 20",
        "COORD_DATA": "[[126.97213,37.55772],[126.97191,37.558414],[126.97164,37.55926],[126.97174,37.55945],[126.97165,37.55952],[126.971565,37.559734],[126.9715,37.5598],[126.97125,37.56013],[126.97091,37.56064],[126.97068,37.560913],[126.97023,37.56153],[126.97002,37.56186]]",
        "COORD_X": "126.972126604",
        "COORD_Y": "37.557721073",
        "TEL_NO": "",
        "CONTENTS_DETAIL": "",
        "CONTENTS_STATUS": "0",
        "EXTRA_DATA_01": "",
        "EXTRA_DATA_02": "",
        "NAME_01": "이동경로 서대 2_2",
        "VALUE_01": "남대문 정거장(서울역)에 도착한 서대는 의주통(지금의 통일로)를 통해 이동하였다.",
        "NAME_02": "",
        "VALUE_02": "",
        "NAME_03": "※자료 출처",
        "VALUE_03": "서울역사박물관, '경성과 평양의 3.1운동'",
        "NAME_04": "",
        "VALUE_04": "",
        "NAME_05": "",
        "VALUE_05": "",
        "NAME_06": "",
        "VALUE_06": "",
        "NAME_07": "",
        "VALUE_07": "",
        "NAME_08": "",
        "VALUE_08": "",
        "NAME_09": "",
        "VALUE_09": "",
        "NAME_10": "",
        "VALUE_10": "",
        "NAME_11": "",
        "VALUE_11": "",
        "NAME_12": "",
        "VALUE_12": "",
        "NAME_13": "",
        "VALUE_13": "",
        "NAME_14": "",
        "VALUE_14": "",
        "NAME_15": "",
        "VALUE_15": "",
        "NAME_16": "",
        "VALUE_16": "",
        "NAME_17": "",
        "VALUE_17": "",
        "NAME_18": "",
        "VALUE_18": "",
        "NAME_19": "",
        "VALUE_19": "",
        "NAME_20": "",
        "VALUE_20": "",
        "COORD_TYPE": "3",
        "LINE_PATTERN": "",
        "LINE_COLOR": "",
        "LINE_WEIGHT": "",
        "MOVIE_URL": "",
        "VOICE_URL": "",
        "NATION_BASE_AREA": "04512",
        "NATION_POINT_NUMBER": "다사53375106",
        "LAN_TYPE": "",
        "KEYWORD": "",
        "SUB_ID": "2-2",
        "COT_CRTFC_YN": ""
      },
      "id": "54"
    },
    {
      "type": "Feature",
      "geometry": {
        "type": "GeometryCollection",
        "geometries": [
          {
            "type": "LineString",
            "coordinates": [
              [
                126.9766,
                37.5699
              ],
              [
                126.9767,
                37.57
              ],
              [
                126.9767,
                37.5704
              ],
              [
                126.9765,
                37.5705
              ],
              [
                126.9765,
                37.5705
              ],
              [
                126.9765,
                37.5709
              ],
              [
                126.9765,
                37.5713
              ],
              [
                126.9765,
                37.5717
              ],
              [
                126.9765,
                37.5721
              ],
              [
                126.9764,
                37.5729
              ],
              [
                126.9764,
                37.5735
              ],
              [
                126.9763,
                37.5741
              ],
              [
                126.9763,
                37.5744
              ],
              [
                126.9763,
                37.575
              ],
              [
                126.9761,
                37.5752
              ],
              [
                126.9764,
                37.5753
              ],
              [
                126.9765,
                37.5757
              ],
              [
                126.9768,
                37.5757
              ],
              [
                126.9768,
                37.576
              ],
              [
                126.9755,
                37.576
              ],
              [
                126.9745,
                37.576
              ],
              [
                126.9744,
                37.5761
              ],
              [
                126.9742,
                37.576
              ],
              [
                126.9741,
                37.5759
              ],
              [
                126.9738,
                37.5759
              ],
              [
                126.9738,
                37.5756
              ],
              [
                126.9742,
                37.5756
              ],
              [
                126.9743,
                37.5755
              ],
              [
                126.9743,
                37.5748
              ],
              [
                126.9744,
                37.5742
              ],
              [
                126.9743,
                37.5742
              ],
              [
                126.9743,
                37.574
              ],
              [
                126.9744,
                37.574
              ],
              [
                126.9745,
                37.5735
              ],
              [
                126.9745,
                37.5733
              ],
              [
                126.9746,
                37.5729
              ],
              [
                126.9746,
                37.5725
              ],
              [
                126.9747,
                37.5722
              ],
              [
                126.9747,
                37.5717
              ],
              [
                126.9748,
                37.5714
              ],
              [
                126.9749,
                37.5708
              ],
              [
                126.9749,
                37.5704
              ]
            ]
          }
        ]
      },
      "properties": {
        "CONTENTS_NAME": "이동경로 서대 2_4",
        "IMG_MAIN_URL": "",
        "ADDR_OLD": "서울특별시 종로구 세종로 208",
        "ADDR_NEW": "서울특별시 종로구 세종대로 149",
        "COORD_DATA": "[[126.9766,37.569942],[126.97667,37.570034],[126.976654,37.570374],[126.97648,37.57047],[126.9765,37.570507],[126.97648,37.57093],[126.97646,37.57128],[126.976456,37.571686],[126.97645,37.572063],[126.97641,37.572887],[126.97639,37.573513],[126.97634,37.574127],[126.976326,37.57435],[126.976265,37.574963],[126.97612,37.575214],[126.976425,37.57534],[126.97645,37.575726],[126.97678,37.575718],[126.976814,37.57597],[126.97552,37.575985],[126.97448,37.575985],[126.97442,37.576057],[126.97421,37.576042],[126.97414,37.575935],[126.97383,37.57586],[126.97383,37.575615],[126.97415,37.57559],[126.97426,37.57552],[126.97434,37.57476],[126.97438,37.57419],[126.974266,37.574173],[126.9743,37.57401],[126.97443,37.573986],[126.97449,37.573536],[126.974525,37.573338],[126.97458,37.572945],[126.97464,37.57245],[126.974686,37.57216],[126.97473,37.57174],[126.9748,37.571404],[126.974884,37.570816],[126.97491,37.570366]]",
        "COORD_X": "126.976601073",
        "COORD_Y": "37.569942980",
        "TEL_NO": "",
        "CONTENTS_DETAIL": "",
        "CONTENTS_STATUS": "0",
        "EXTRA_DATA_01": "",
        "EXTRA_DATA_02": "",
        "NAME_01": "이동경로 서대 2_4",
        "VALUE_01": "서대문통(세문안로)을 통해 이동한 군중이 다음으로 향한 곳은 광화문과 조선보병대(서울정부종합청사)가 있던 장소였다. 이들은 이후 적선동, 도렴동, 당주동(지금의 세문안로 5길)을 관통하여 이동했다.",
        "NAME_02": "",
        "VALUE_02": "",
        "NAME_03": "※자료 출처",
        "VALUE_03": "서울역사박물관, '경성과 평양의 3.1운동'",
        "NAME_04": "",
        "VALUE_04": "",
        "NAME_05": "",
        "VALUE_05": "",
        "NAME_06": "",
        "VALUE_06": "",
        "NAME_07": "",
        "VALUE_07": "",
        "NAME_08": "",
        "VALUE_08": "",
        "NAME_09": "",
        "VALUE_09": "",
        "NAME_10": "",
        "VALUE_10": "",
        "NAME_11": "",
        "VALUE_11": "",
        "NAME_12": "",
        "VALUE_12": "",
        "NAME_13": "",
        "VALUE_13": "",
        "NAME_14": "",
        "VALUE_14": "",
        "NAME_15": "",
        "VALUE_15": "",
        "NAME_16": "",
        "VALUE_16": "",
        "NAME_17": "",
        "VALUE_17": "",
        "NAME_18": "",
        "VALUE_18": "",
        "NAME_19": "",
        "VALUE_19": "",
        "NAME_20": "",
        "VALUE_20": "",
        "COORD_TYPE": "3",
        "LINE_PATTERN": "",
        "LINE_COLOR": "",
        "LINE_WEIGHT": "",
        "MOVIE_URL": "",
        "VOICE_URL": "",
        "NATION_BASE_AREA": "03186",
        "NATION_POINT_NUMBER": "다사53775241",
        "LAN_TYPE": "",
        "KEYWORD": "",
        "SUB_ID": "2-2",
        "COT_CRTFC_YN": ""
      },
      "id": "55"
    },
    {
      "type": "Feature",
      "geometry": {
        "type": "GeometryCollection",
        "geometries": [
          {
            "type": "LineString",
            "coordinates": [
              [
                126.9661,
                37.561
              ],
              [
                126.9665,
                37.5613
              ],
              [
                126.9668,
                37.5615
              ],
              [
                126.9674,
                37.5616
              ],
              [
                126.968,
                37.5618
              ],
              [
                126.9686,
                37.5619
              ],
              [
                126.9692,
                37.5621
              ],
              [
                126.9693,
                37.5622
              ],
              [
                126.9696,
                37.5624
              ],
              [
                126.9698,
                37.5622
              ],
              [
                126.9714,
                37.5626
              ],
              [
                126.973,
                37.563
              ],
              [
                126.9734,
                37.563
              ],
              [
                126.9738,
                37.5632
              ],
              [
                126.9746,
                37.5634
              ],
              [
                126.9757,
                37.5638
              ],
              [
                126.9767,
                37.5642
              ],
              [
                126.9768,
                37.5645
              ],
              [
                126.9768,
                37.5648
              ],
              [
                126.9768,
                37.5649
              ],
              [
                126.9766,
                37.565
              ],
              [
                126.9766,
                37.5651
              ],
              [
                126.9768,
                37.5651
              ],
              [
                126.9768,
                37.5652
              ],
              [
                126.9774,
                37.5652
              ],
              [
                126.9774,
                37.5651
              ],
              [
                126.9777,
                37.5651
              ],
              [
                126.9783,
                37.5651
              ],
              [
                126.9785,
                37.5652
              ],
              [
                126.9786,
                37.5653
              ],
              [
                126.9788,
                37.5653
              ],
              [
                126.9787,
                37.5651
              ],
              [
                126.9787,
                37.565
              ],
              [
                126.9788,
                37.5647
              ],
              [
                126.9795,
                37.5641
              ],
              [
                126.9796,
                37.5639
              ],
              [
                126.98,
                37.5635
              ],
              [
                126.9804,
                37.563
              ],
              [
                126.9808,
                37.5626
              ],
              [
                126.9811,
                37.5623
              ],
              [
                126.9809,
                37.5622
              ],
              [
                126.981,
                37.5621
              ],
              [
                126.981,
                37.562
              ],
              [
                126.9808,
                37.5618
              ],
              [
                126.9809,
                37.5616
              ],
              [
                126.9811,
                37.5615
              ],
              [
                126.9814,
                37.5612
              ],
              [
                126.9816,
                37.5608
              ],
              [
                126.9817,
                37.5606
              ],
              [
                126.9817,
                37.5606
              ],
              [
                126.9817,
                37.5605
              ],
              [
                126.9818,
                37.5604
              ],
              [
                126.9822,
                37.5606
              ],
              [
                126.9822,
                37.5607
              ],
              [
                126.9823,
                37.5607
              ],
              [
                126.9833,
                37.5608
              ],
              [
                126.9841,
                37.5609
              ],
              [
                126.9851,
                37.561
              ],
              [
                126.9849,
                37.5615
              ],
              [
                126.9848,
                37.562
              ]
            ]
          }
        ]
      },
      "properties": {
        "CONTENTS_NAME": "이동경로 서대 2_6",
        "IMG_MAIN_URL": "",
        "ADDR_OLD": "서울특별시 서대문구 합동 31-15",
        "ADDR_NEW": "서울특별시 서대문구 서소문로 45",
        "COORD_DATA": "[[126.966096797082,37.5610064112906],[126.966519034324,37.5613373116907],[126.966755998875,37.5614510506005],[126.967416972941,37.5616478237575],[126.967953597036,37.5618169924874],[126.968603895367,37.5619235761827],[126.969236732466,37.5620976788375],[126.969298110487,37.5622241433532],[126.969636728332,37.5623743872707],[126.969807682528,37.5622174193692],[126.971401530665,37.5625941186095],[126.972961554511,37.5629526184232],[126.973447978839,37.563017883178],[126.973820703181,37.5631502402787],[126.974583076445,37.563424039747],[126.975672801093,37.5638435041179],[126.976677995919,37.5642085029479],[126.976766717969,37.5644747935809],[126.976758944691,37.5647767103877],[126.97679171537,37.5649481115543],[126.976598722786,37.5650193638591],[126.976603942775,37.565082481289],[126.97680490759,37.5650856254328],[126.976809654979,37.5652163417808],[126.977429629354,37.5652123275374],[126.977441676275,37.5651087259578],[126.977690842011,37.565100815096],[126.978274126165,37.5650808605128],[126.978460230586,37.5651853377071],[126.978566666974,37.5653480503173],[126.978821934426,37.5652770697292],[126.978749685964,37.5650829611501],[126.978665172853,37.5650240004219],[126.978842686266,37.5647363531031],[126.979487128019,37.5640631857698],[126.979621470679,37.5638767484418],[126.979989446144,37.5634727635227],[126.980411669228,37.5630014151178],[126.980756772189,37.5626288742192],[126.981084809915,37.5622675241171],[126.980943748522,37.5621993029617],[126.981000798301,37.5621364594359],[126.981041520844,37.5619789026169],[126.980788049419,37.5617930119179],[126.980948031914,37.5615818986813],[126.981135287868,37.5615196274503],[126.981358072451,37.5612321750742],[126.981604311625,37.5608276500338],[126.981718907351,37.5606298566286],[126.981657072436,37.5605664908186],[126.981669175124,37.5604538754726],[126.981788088994,37.5604498907359],[126.982177798929,37.5605822960673],[126.982210642694,37.5607446827256],[126.982312791974,37.5607090767623],[126.983291664183,37.5607854727086],[126.984083628567,37.5608745641556],[126.985062458394,37.5609577053531],[126.984945745814,37.5614642044203],[126.984831443285,37.5620315548125]]",
        "COORD_X": "126.966096797",
        "COORD_Y": "37.561006411",
        "TEL_NO": "",
        "CONTENTS_DETAIL": "",
        "CONTENTS_STATUS": "0",
        "EXTRA_DATA_01": "",
        "EXTRA_DATA_02": "",
        "NAME_01": "이동경로 서대 2_3",
        "VALUE_01": "프랑스 영사관으로 이동한 서대는 서소문정(서소문로)를 통해 대한문(덕수궁 정문)에 도착한다. 이후 장곡천정(지금의 소공로)를 통해 이동하였으며, 본정 2정목으로 향했다. 이후 해당 무리는 체포된다.",
        "NAME_02": "",
        "VALUE_02": "",
        "NAME_03": "※자료 출처",
        "VALUE_03": "서울역사박물관, &quot;경성과 평양의 3.1운동&quot;",
        "NAME_04": "",
        "VALUE_04": "",
        "NAME_05": "",
        "VALUE_05": "",
        "NAME_06": "",
        "VALUE_06": "",
        "NAME_07": "",
        "VALUE_07": "",
        "NAME_08": "",
        "VALUE_08": "",
        "NAME_09": "",
        "VALUE_09": "",
        "NAME_10": "",
        "VALUE_10": "",
        "NAME_11": "",
        "VALUE_11": "",
        "NAME_12": "",
        "VALUE_12": "",
        "NAME_13": "",
        "VALUE_13": "",
        "NAME_14": "",
        "VALUE_14": "",
        "NAME_15": "",
        "VALUE_15": "",
        "NAME_16": "",
        "VALUE_16": "",
        "NAME_17": "",
        "VALUE_17": "",
        "NAME_18": "",
        "VALUE_18": "",
        "NAME_19": "",
        "VALUE_19": "",
        "NAME_20": "",
        "VALUE_20": "",
        "COORD_TYPE": "3",
        "LINE_PATTERN": "",
        "LINE_COLOR": "",
        "LINE_WEIGHT": "",
        "MOVIE_URL": "",
        "VOICE_URL": "",
        "NATION_BASE_AREA": "03741",
        "NATION_POINT_NUMBER": "다사52845142",
        "LAN_TYPE": "",
        "KEYWORD": "",
        "SUB_ID": "2-2",
        "COT_CRTFC_YN": ""
      },
      "id": "56"
    },
    {
      "type": "Feature",
      "geometry": {
        "type": "GeometryCollection",
        "geometries": [
          {
            "type": "LineString",
            "coordinates": [
              [
                126.9647,
                37.5627
              ],
              [
                126.9646,
                37.5626
              ],
              [
                126.9638,
                37.5613
              ],
              [
                126.9639,
                37.5613
              ],
              [
                126.9639,
                37.5611
              ],
              [
                126.964,
                37.5608
              ],
              [
                126.9641,
                37.5607
              ],
              [
                126.9643,
                37.5604
              ],
              [
                126.9644,
                37.5602
              ],
              [
                126.9646,
                37.5599
              ],
              [
                126.9652,
                37.5603
              ],
              [
                126.966,
                37.5609
              ]
            ]
          }
        ]
      },
      "properties": {
        "CONTENTS_NAME": "이동경로 서대 2_5",
        "IMG_MAIN_URL": "",
        "ADDR_OLD": "서울특별시 서대문구 충정로3가 222",
        "ADDR_NEW": "서울특별시 서대문구 충정로 50",
        "COORD_DATA": "[[126.964691912289,37.5627126090884],[126.964613364518,37.5626131047577],[126.963790660278,37.5612843910517],[126.963850328157,37.561253114885],[126.963947923374,37.5610642751595],[126.964017632314,37.5608167211875],[126.964089332052,37.560686351331],[126.964272567942,37.5603964984611],[126.96437287856,37.5602234442482],[126.964558870149,37.5599437435631],[126.965190416534,37.5602947514329],[126.965984314767,37.5609022476442]]",
        "COORD_X": "126.964691912",
        "COORD_Y": "37.562712609",
        "TEL_NO": "",
        "CONTENTS_DETAIL": "",
        "CONTENTS_STATUS": "0",
        "EXTRA_DATA_01": "",
        "EXTRA_DATA_02": "",
        "NAME_01": "이동경로 서대 2_3",
        "VALUE_01": "서대문통을 통해 서대는 프랑스 영사관을 향한다. 이후 서소문정(서소문로)를 통해 이동한다.",
        "NAME_02": "",
        "VALUE_02": "",
        "NAME_03": "※자료 출처",
        "VALUE_03": "서울역사박물관, &quot;경성과 평양의 3.1운동&quot;",
        "NAME_04": "",
        "VALUE_04": "",
        "NAME_05": "",
        "VALUE_05": "",
        "NAME_06": "",
        "VALUE_06": "",
        "NAME_07": "",
        "VALUE_07": "",
        "NAME_08": "",
        "VALUE_08": "",
        "NAME_09": "",
        "VALUE_09": "",
        "NAME_10": "",
        "VALUE_10": "",
        "NAME_11": "",
        "VALUE_11": "",
        "NAME_12": "",
        "VALUE_12": "",
        "NAME_13": "",
        "VALUE_13": "",
        "NAME_14": "",
        "VALUE_14": "",
        "NAME_15": "",
        "VALUE_15": "",
        "NAME_16": "",
        "VALUE_16": "",
        "NAME_17": "",
        "VALUE_17": "",
        "NAME_18": "",
        "VALUE_18": "",
        "NAME_19": "",
        "VALUE_19": "",
        "NAME_20": "",
        "VALUE_20": "",
        "COORD_TYPE": "3",
        "LINE_PATTERN": "",
        "LINE_COLOR": "",
        "LINE_WEIGHT": "",
        "MOVIE_URL": "",
        "VOICE_URL": "",
        "NATION_BASE_AREA": "03740",
        "NATION_POINT_NUMBER": "다사52725161",
        "LAN_TYPE": "",
        "KEYWORD": "",
        "SUB_ID": "2-2",
        "COT_CRTFC_YN": ""
      },
      "id": "57"
    },
    {
      "type": "Feature",
      "geometry": {
        "type": "GeometryCollection",
        "geometries": [
          {
            "type": "LineString",
            "coordinates": [
              [
                126.9749,
                37.5704
              ],
              [
                126.9737,
                37.5703
              ],
              [
                126.9732,
                37.5703
              ],
              [
                126.9725,
                37.5704
              ],
              [
                126.972,
                37.5703
              ],
              [
                126.9715,
                37.5702
              ],
              [
                126.9712,
                37.57
              ],
              [
                126.9706,
                37.5695
              ],
              [
                126.97,
                37.5691
              ],
              [
                126.9695,
                37.5687
              ],
              [
                126.9689,
                37.5683
              ],
              [
                126.9684,
                37.5679
              ],
              [
                126.9679,
                37.5674
              ],
              [
                126.9672,
                37.5667
              ],
              [
                126.967,
                37.5664
              ],
              [
                126.9666,
                37.5664
              ],
              [
                126.9666,
                37.5661
              ],
              [
                126.967,
                37.5659
              ],
              [
                126.9667,
                37.5656
              ],
              [
                126.9667,
                37.5653
              ],
              [
                126.9665,
                37.5653
              ],
              [
                126.9661,
                37.5647
              ],
              [
                126.9657,
                37.5641
              ],
              [
                126.9652,
                37.5635
              ],
              [
                126.9647,
                37.5627
              ]
            ]
          }
        ]
      },
      "properties": {
        "CONTENTS_NAME": "이동경로 서대 2_4",
        "IMG_MAIN_URL": "",
        "ADDR_OLD": "서울특별시 종로구 신문로1가 23-3",
        "ADDR_NEW": "서울특별시 종로구 새문안로 91",
        "COORD_DATA": "[[126.974925023488,37.5703614233384],[126.97367391945,37.5703333184126],[126.973169954077,37.5703400839258],[126.972501732312,37.5703551269122],[126.972026425784,37.570312441566],[126.971534834909,37.5701705333523],[126.971168219617,37.5699705955096],[126.970559840727,37.5695307158263],[126.969957130721,37.5690908584498],[126.969478313698,37.5687461961534],[126.968915088026,37.5683290445225],[126.968414530913,37.5678580916238],[126.967891558137,37.5673554884342],[126.967217014457,37.5666719297032],[126.966992319151,37.5664230452004],[126.966601899427,37.5663897347548],[126.966649023061,37.5661330639292],[126.967035674364,37.5659004599986],[126.966692669635,37.5655699195581],[126.966689000153,37.5652904855551],[126.966473737208,37.5653075398724],[126.966059230156,37.5646837367763],[126.965661166772,37.5641366210758],[126.96518462417,37.5634809869025],[126.964697315561,37.5627486874624]]",
        "COORD_X": "126.974925023",
        "COORD_Y": "37.570361423",
        "TEL_NO": "",
        "CONTENTS_DETAIL": "",
        "CONTENTS_STATUS": "0",
        "EXTRA_DATA_01": "",
        "EXTRA_DATA_02": "",
        "NAME_01": "이동경로 서대 2_3",
        "VALUE_01": "도렴동을 통과한 서대는 서대문정(지금의 세문안로)를 통해 프랑스 영사관(구 프랑스영사관)으로 이동한다.",
        "NAME_02": "",
        "VALUE_02": "",
        "NAME_03": "※자료 출처",
        "VALUE_03": "서울역사박물관, &quot;경성과 평양의 3.1운동&quot;",
        "NAME_04": "",
        "VALUE_04": "",
        "NAME_05": "",
        "VALUE_05": "",
        "NAME_06": "",
        "VALUE_06": "",
        "NAME_07": "",
        "VALUE_07": "",
        "NAME_08": "",
        "VALUE_08": "",
        "NAME_09": "",
        "VALUE_09": "",
        "NAME_10": "",
        "VALUE_10": "",
        "NAME_11": "",
        "VALUE_11": "",
        "NAME_12": "",
        "VALUE_12": "",
        "NAME_13": "",
        "VALUE_13": "",
        "NAME_14": "",
        "VALUE_14": "",
        "NAME_15": "",
        "VALUE_15": "",
        "NAME_16": "",
        "VALUE_16": "",
        "NAME_17": "",
        "VALUE_17": "",
        "NAME_18": "",
        "VALUE_18": "",
        "NAME_19": "",
        "VALUE_19": "",
        "NAME_20": "",
        "VALUE_20": "",
        "COORD_TYPE": "3",
        "LINE_PATTERN": "",
        "LINE_COLOR": "",
        "LINE_WEIGHT": "",
        "MOVIE_URL": "",
        "VOICE_URL": "",
        "NATION_BASE_AREA": "03182",
        "NATION_POINT_NUMBER": "다사53635246",
        "LAN_TYPE": "",
        "KEYWORD": "",
        "SUB_ID": "2-2",
        "COT_CRTFC_YN": ""
      },
      "id": "58"
    },
    {
      "type": "Feature",
      "geometry": {
        "type": "GeometryCollection",
        "geometries": [
          {
            "type": "LineString",
            "coordinates": [
              [
                126.97,
                37.5619
              ],
              [
                126.9701,
                37.562
              ],
              [
                126.9712,
                37.5622
              ],
              [
                126.9715,
                37.5623
              ],
              [
                126.9716,
                37.5622
              ],
              [
                126.9717,
                37.5622
              ],
              [
                126.9717,
                37.5624
              ],
              [
                126.9718,
                37.5624
              ],
              [
                126.9727,
                37.5626
              ],
              [
                126.9728,
                37.5626
              ],
              [
                126.9732,
                37.5627
              ],
              [
                126.9733,
                37.5628
              ],
              [
                126.9736,
                37.5628
              ],
              [
                126.9735,
                37.563
              ],
              [
                126.9731,
                37.563
              ],
              [
                126.973,
                37.5632
              ],
              [
                126.973,
                37.5636
              ],
              [
                126.973,
                37.564
              ],
              [
                126.9729,
                37.5646
              ],
              [
                126.9729,
                37.5647
              ],
              [
                126.9729,
                37.565
              ],
              [
                126.9731,
                37.5651
              ],
              [
                126.9733,
                37.5651
              ],
              [
                126.9732,
                37.5652
              ],
              [
                126.9733,
                37.5654
              ],
              [
                126.9729,
                37.5656
              ],
              [
                126.9726,
                37.5658
              ],
              [
                126.972,
                37.5662
              ],
              [
                126.9711,
                37.5666
              ],
              [
                126.9713,
                37.5671
              ],
              [
                126.9714,
                37.5674
              ],
              [
                126.9712,
                37.568
              ],
              [
                126.9716,
                37.5682
              ],
              [
                126.9717,
                37.5683
              ],
              [
                126.9715,
                37.5688
              ],
              [
                126.9709,
                37.5693
              ],
              [
                126.9717,
                37.5699
              ],
              [
                126.9725,
                37.57
              ],
              [
                126.9741,
                37.57
              ],
              [
                126.9746,
                37.57
              ],
              [
                126.9755,
                37.57
              ],
              [
                126.9757,
                37.57
              ],
              [
                126.9764,
                37.57
              ],
              [
                126.9766,
                37.5699
              ]
            ]
          }
        ]
      },
      "properties": {
        "CONTENTS_NAME": "이동경로 서대 2_3",
        "IMG_MAIN_URL": "",
        "ADDR_OLD": "서울특별시 중구 순화동 118-2",
        "ADDR_NEW": "서울특별시 중구 서소문로 88",
        "COORD_DATA": "[[126.970027745745,37.5619209628573],[126.970072715973,37.5619662320765],[126.971200179045,37.5622461982641],[126.971457684283,37.5622586181915],[126.971585650275,37.5621758163869],[126.971698508311,37.5622281489212],[126.971748584096,37.5623523082298],[126.971804973514,37.5623841076752],[126.97268664627,37.5625976121174],[126.972777083084,37.5626182963245],[126.973223559075,37.5627284509574],[126.973347852635,37.5627650593639],[126.973602259921,37.5628157680554],[126.973493142099,37.5630361115407],[126.973094562384,37.5629577188469],[126.973025008311,37.5631872519265],[126.972954421969,37.5635632492453],[126.972951691536,37.563950816278],[126.972947230659,37.564583992596],[126.972934748969,37.5647484326806],[126.972865224433,37.5649734589878],[126.973099522364,37.5650668929506],[126.973257550279,37.5651374525088],[126.973222820095,37.5652454591664],[126.973326699952,37.5653676044514],[126.972914371891,37.5656316615799],[126.972570391784,37.56583743508],[126.971976174814,37.5662020776502],[126.971067147524,37.5666486817133],[126.97129058303,37.5670778221482],[126.971429893156,37.5673939172131],[126.971221774934,37.5680013940237],[126.971633865032,37.5681744948824],[126.971723496645,37.5683100979468],[126.9715216767,37.5688274687558],[126.970946242701,37.5693341519631],[126.971712610881,37.5698513511909],[126.972481278203,37.5700440711338],[126.974083661897,37.5700377002798],[126.974598980447,37.5700264746564],[126.975538712422,37.5700486801501],[126.975725804521,37.5700134573255],[126.976428119768,37.5699805203627],[126.976637953067,37.5699318767526]]",
        "COORD_X": "126.970027746",
        "COORD_Y": "37.561920963",
        "TEL_NO": "",
        "CONTENTS_DETAIL": "",
        "CONTENTS_STATUS": "0",
        "EXTRA_DATA_01": "",
        "EXTRA_DATA_02": "",
        "NAME_01": "이동경로 서대 2_3",
        "VALUE_01": "의주통(통일로)를 통과한 군중은, 이화학당(이화여자고등학교)와 미영사관(구미국영사관)쪽으로 이동한다. 이후 서대문통(세문안로)를 통해 광화문 부근으로 이동한다.",
        "NAME_02": "",
        "VALUE_02": "",
        "NAME_03": "※자료 출처",
        "VALUE_03": "서울역사박물관, &quot;경성과 평양의 3.1운동&quot;",
        "NAME_04": "",
        "VALUE_04": "",
        "NAME_05": "",
        "VALUE_05": "",
        "NAME_06": "",
        "VALUE_06": "",
        "NAME_07": "",
        "VALUE_07": "",
        "NAME_08": "",
        "VALUE_08": "",
        "NAME_09": "",
        "VALUE_09": "",
        "NAME_10": "",
        "VALUE_10": "",
        "NAME_11": "",
        "VALUE_11": "",
        "NAME_12": "",
        "VALUE_12": "",
        "NAME_13": "",
        "VALUE_13": "",
        "NAME_14": "",
        "VALUE_14": "",
        "NAME_15": "",
        "VALUE_15": "",
        "NAME_16": "",
        "VALUE_16": "",
        "NAME_17": "",
        "VALUE_17": "",
        "NAME_18": "",
        "VALUE_18": "",
        "NAME_19": "",
        "VALUE_19": "",
        "NAME_20": "",
        "VALUE_20": "",
        "COORD_TYPE": "3",
        "LINE_PATTERN": "",
        "LINE_COLOR": "",
        "LINE_WEIGHT": "",
        "MOVIE_URL": "",
        "VOICE_URL": "",
        "NATION_BASE_AREA": "04511",
        "NATION_POINT_NUMBER": "다사53195152",
        "LAN_TYPE": "",
        "KEYWORD": "",
        "SUB_ID": "2-2",
        "COT_CRTFC_YN": ""
      },
      "id": "59"
    },
    {
      "type": "Feature",
      "geometry": {
        "type": "GeometryCollection",
        "geometries": [
          {
            "type": "Point",
            "coordinates": [
              126.9943,
              37.5981
            ]
          }
        ]
      },
      "properties": {
        "CONTENTS_NAME": "성북리",
        "IMG_MAIN_URL": "",
        "ADDR_OLD": "서울특별시 성북구 성북동 22-5",
        "ADDR_NEW": "서울특별시 성북구 선잠로5길 68",
        "COORD_DATA": "[126.994276899,37.598077534]",
        "COORD_X": "126.994276899",
        "COORD_Y": "37.598077534",
        "TEL_NO": "",
        "CONTENTS_DETAIL": "",
        "CONTENTS_STATUS": "1",
        "EXTRA_DATA_01": "",
        "EXTRA_DATA_02": "",
        "NAME_01": "성북리",
        "VALUE_01": "24일에는 동소문밖 성북리에서 약 60여 명이 만세 시위를 벌이다가 해산되었다. 26일 밤에도 성북천 일대에서 약 200여 명의 군중이 만세 시위를 벌였다. 이들은 전차에 돌을 던져 유리창을 깨고 승객을 내리게 하는 등 폭력적인 모습까지 보였으나 곧 해산되었다.",
        "NAME_02": "",
        "VALUE_02": "",
        "NAME_03": "",
        "VALUE_03": "",
        "NAME_04": "",
        "VALUE_04": "",
        "NAME_05": "※자료 출처",
        "VALUE_05": "경성과 평양의 3.1 운동 / 서울역사박물관 발간도서와 삼일대로 일대 3.1운동 기념 대표가로 조성 방향 및 향추 추진계획 보고서를 참고하여 등록하였습니다. \n3.1운동 이동경로는 도서 내용 토대로 일부 수정되었음을 알려 드립니다.",
        "NAME_06": "",
        "VALUE_06": "",
        "NAME_07": "",
        "VALUE_07": "",
        "NAME_08": "",
        "VALUE_08": "",
        "NAME_09": "",
        "VALUE_09": "",
        "NAME_10": "",
        "VALUE_10": "",
        "NAME_11": "",
        "VALUE_11": "",
        "NAME_12": "",
        "VALUE_12": "",
        "NAME_13": "",
        "VALUE_13": "",
        "NAME_14": "",
        "VALUE_14": "",
        "NAME_15": "",
        "VALUE_15": "",
        "NAME_16": "",
        "VALUE_16": "",
        "NAME_17": "",
        "VALUE_17": "",
        "NAME_18": "",
        "VALUE_18": "",
        "NAME_19": "",
        "VALUE_19": "",
        "NAME_20": "",
        "VALUE_20": "",
        "COORD_TYPE": "1",
        "LINE_PATTERN": "",
        "LINE_COLOR": "",
        "LINE_WEIGHT": "",
        "MOVIE_URL": "",
        "VOICE_URL": "",
        "NATION_BASE_AREA": "02839",
        "NATION_POINT_NUMBER": "다사55355552",
        "LAN_TYPE": "",
        "KEYWORD": "",
        "SUB_ID": "3",
        "COT_CRTFC_YN": ""
      },
      "id": "6"
    },
    {
      "type": "Feature",
      "geometry": {
        "type": "GeometryCollection",
        "geometries": [
          {
            "type": "LineString",
            "coordinates": [
              [
                126.9637,
                37.5611
              ],
              [
                126.9638,
                37.5613
              ],
              [
                126.9638,
                37.5613
              ],
              [
                126.9639,
                37.5611
              ],
              [
                126.964,
                37.5609
              ],
              [
                126.9641,
                37.5607
              ],
              [
                126.9642,
                37.5605
              ],
              [
                126.9643,
                37.5603
              ],
              [
                126.9645,
                37.5601
              ],
              [
                126.9645,
                37.56
              ],
              [
                126.965,
                37.5603
              ],
              [
                126.9652,
                37.56
              ],
              [
                126.9657,
                37.5603
              ],
              [
                126.9661,
                37.5605
              ],
              [
                126.9667,
                37.5611
              ],
              [
                126.9674,
                37.5613
              ],
              [
                126.9674,
                37.5613
              ],
              [
                126.9677,
                37.5614
              ],
              [
                126.9681,
                37.5615
              ],
              [
                126.9692,
                37.5618
              ],
              [
                126.9694,
                37.5618
              ],
              [
                126.9697,
                37.5617
              ],
              [
                126.97,
                37.5618
              ],
              [
                126.97,
                37.562
              ],
              [
                126.9712,
                37.5622
              ],
              [
                126.9715,
                37.5623
              ],
              [
                126.9716,
                37.5622
              ],
              [
                126.9717,
                37.5622
              ],
              [
                126.9718,
                37.5624
              ],
              [
                126.9734,
                37.5628
              ],
              [
                126.974,
                37.563
              ],
              [
                126.9764,
                37.5638
              ],
              [
                126.9765,
                37.5637
              ],
              [
                126.9767,
                37.5639
              ],
              [
                126.9767,
                37.5642
              ],
              [
                126.9768,
                37.5646
              ],
              [
                126.9768,
                37.5649
              ],
              [
                126.9768,
                37.5652
              ],
              [
                126.9774,
                37.5652
              ],
              [
                126.9774,
                37.5651
              ],
              [
                126.9777,
                37.5651
              ],
              [
                126.9777,
                37.5648
              ],
              [
                126.9774,
                37.5648
              ],
              [
                126.9774,
                37.5647
              ],
              [
                126.9781,
                37.5645
              ],
              [
                126.9787,
                37.5645
              ],
              [
                126.9788,
                37.5645
              ],
              [
                126.9792,
                37.564
              ],
              [
                126.9801,
                37.5631
              ],
              [
                126.981,
                37.5622
              ],
              [
                126.981,
                37.562
              ],
              [
                126.9808,
                37.5618
              ],
              [
                126.9809,
                37.5616
              ],
              [
                126.9812,
                37.5615
              ],
              [
                126.9815,
                37.561
              ],
              [
                126.9817,
                37.5606
              ],
              [
                126.9817,
                37.5605
              ],
              [
                126.9818,
                37.5605
              ],
              [
                126.9822,
                37.5606
              ],
              [
                126.9824,
                37.5603
              ],
              [
                126.9825,
                37.5604
              ],
              [
                126.9827,
                37.5605
              ],
              [
                126.9838,
                37.5606
              ],
              [
                126.9853,
                37.5607
              ],
              [
                126.9852,
                37.561
              ],
              [
                126.9851,
                37.5615
              ],
              [
                126.9849,
                37.5622
              ]
            ]
          }
        ]
      },
      "properties": {
        "CONTENTS_NAME": "이동경로 서대 1_3_1_3",
        "IMG_MAIN_URL": "/smgis/ucimgs/conts/11100550/11100550_mapseoul_20211119093638_1.jpg",
        "ADDR_OLD": "서울특별시 서대문구 충정로3가 58-6",
        "ADDR_NEW": "서울특별시 서대문구 충정로 24",
        "COORD_DATA": "[[126.963681544373,37.5611058793806],[126.963768031926,37.56128203491],[126.963833360935,37.5612507844642],[126.963919569395,37.5610709065212],[126.963994616671,37.5608684441592],[126.964075324613,37.5606660074368],[126.964198183499,37.5605065759416],[126.964284228868,37.5603492306445],[126.964450512322,37.5600547938177],[126.964502171205,37.5599558799353],[126.96499824691,37.5602510667853],[126.965226218847,37.560038029631],[126.965682992431,37.5602879682197],[126.966071900548,37.5605285846738],[126.966747342572,37.5610769524265],[126.967391041206,37.5613142083253],[126.967447748749,37.5613009439249],[126.967701858351,37.5613922245972],[126.968131335905,37.5615023218248],[126.969239034372,37.5617732042068],[126.969437079357,37.5617876145799],[126.969703697316,37.5617121979269],[126.970031310565,37.5618173239309],[126.970041547546,37.5619705989074],[126.971205872103,37.5622417170273],[126.971454774086,37.562269872003],[126.971596909017,37.5621848802498],[126.971698619692,37.5622123758434],[126.971765408641,37.5623749171877],[126.973353482157,37.5627695912121],[126.97403719404,37.5629574153044],[126.976391884671,37.563833175306],[126.976505741973,37.5637435455036],[126.976652116689,37.5638613695878],[126.976661169475,37.5641858946829],[126.976794394489,37.5645650509441],[126.976786148515,37.5649345666784],[126.976823792807,37.5652186578007],[126.977406920649,37.565221240488],[126.977407550299,37.5651311085773],[126.977673920663,37.5650917267623],[126.977670210158,37.5648122927689],[126.9773871714,37.5648065334439],[126.977393430979,37.5647209331841],[126.978079969357,37.5645076469505],[126.978679824681,37.5645463511664],[126.978787924789,37.5644702139532],[126.979226956901,37.5640259845295],[126.980105224672,37.5631059743735],[126.981000673251,37.5621544858376],[126.981021534729,37.5620036018224],[126.980776664509,37.5618019753253],[126.980925309094,37.5615930656259],[126.981160716205,37.5615264993082],[126.98151257839,37.5609939965528],[126.981701830418,37.5606433018797],[126.981680372403,37.560471951588],[126.981816331964,37.5604590281766],[126.982194751007,37.5605868771564],[126.982366672649,37.5602856795067],[126.98249597324,37.5604169417795],[126.98270487224,37.560498978562],[126.98384206612,37.5606031039561],[126.985273361517,37.5607490616334],[126.9851727417,37.5609739598944],[126.985053013152,37.5615074863516],[126.984901029248,37.5622031144996]]",
        "COORD_X": "126.963681544",
        "COORD_Y": "37.561105879",
        "TEL_NO": "",
        "CONTENTS_DETAIL": "",
        "CONTENTS_STATUS": "0",
        "EXTRA_DATA_01": "",
        "EXTRA_DATA_02": "",
        "NAME_01": "이동경로 서대 2_3",
        "VALUE_01": "서대문통(세문안로)를 통해 프랑스 영사관으로 도착했다. 이후 군중은 서소문정(서소문로)를 통해 대한문으로 이동했다. 이후 장곡천정(소공로)를 통해 본정으로 향했고, 일본 경찰에 의해 체포되었다.",
        "NAME_02": "",
        "VALUE_02": "",
        "NAME_03": "※자료 출처",
        "VALUE_03": "서울역사박물관, &quot;경성과 평양의 3.1운동&quot;",
        "NAME_04": "",
        "VALUE_04": "",
        "NAME_05": "",
        "VALUE_05": "",
        "NAME_06": "",
        "VALUE_06": "",
        "NAME_07": "",
        "VALUE_07": "",
        "NAME_08": "",
        "VALUE_08": "",
        "NAME_09": "",
        "VALUE_09": "",
        "NAME_10": "",
        "VALUE_10": "",
        "NAME_11": "",
        "VALUE_11": "",
        "NAME_12": "",
        "VALUE_12": "",
        "NAME_13": "",
        "VALUE_13": "",
        "NAME_14": "",
        "VALUE_14": "",
        "NAME_15": "",
        "VALUE_15": "",
        "NAME_16": "",
        "VALUE_16": "",
        "NAME_17": "",
        "VALUE_17": "",
        "NAME_18": "",
        "VALUE_18": "",
        "NAME_19": "",
        "VALUE_19": "",
        "NAME_20": "",
        "VALUE_20": "",
        "COORD_TYPE": "3",
        "LINE_PATTERN": "",
        "LINE_COLOR": "",
        "LINE_WEIGHT": "",
        "MOVIE_URL": "",
        "VOICE_URL": "",
        "NATION_BASE_AREA": "03742",
        "NATION_POINT_NUMBER": "다사52635144",
        "LAN_TYPE": "",
        "KEYWORD": "",
        "SUB_ID": "2-2",
        "COT_CRTFC_YN": ""
      },
      "id": "60"
    },
    {
      "type": "Feature",
      "geometry": {
        "type": "GeometryCollection",
        "geometries": [
          {
            "type": "LineString",
            "coordinates": [
              [
                126.9764,
                37.5704
              ],
              [
                126.975,
                37.5704
              ],
              [
                126.9737,
                37.5703
              ],
              [
                126.9725,
                37.5704
              ],
              [
                126.9718,
                37.5703
              ],
              [
                126.9713,
                37.5701
              ],
              [
                126.97,
                37.5691
              ],
              [
                126.9694,
                37.5687
              ],
              [
                126.9682,
                37.5676
              ],
              [
                126.9673,
                37.5668
              ],
              [
                126.9661,
                37.5655
              ],
              [
                126.9653,
                37.5644
              ],
              [
                126.9645,
                37.5632
              ],
              [
                126.9633,
                37.5613
              ],
              [
                126.9637,
                37.5611
              ]
            ]
          }
        ]
      },
      "properties": {
        "CONTENTS_NAME": "이동경로 서대 1_3_1_2",
        "IMG_MAIN_URL": "",
        "ADDR_OLD": "서울특별시 종로구 세종로 204-3",
        "ADDR_NEW": "서울특별시 종로구 새문안로 105",
        "COORD_DATA": "[[126.976385616183,37.5703904443621],[126.975032534854,37.5703709149382],[126.973696471591,37.5703469391474],[126.972479085033,37.5703550257148],[126.97184543861,37.5702845916113],[126.971303529164,37.5700523227056],[126.969974052016,37.5690999478832],[126.969382672309,37.568660138432],[126.968183878102,37.5676497431711],[126.967340380898,37.5668392354598],[126.966115941287,37.5654636580306],[126.965319424797,37.5644235047861],[126.96449018846,37.5632119417583],[126.963281223683,37.5612730627577],[126.963689826064,37.5611352107812]]",
        "COORD_X": "126.976385616",
        "COORD_Y": "37.570390444",
        "TEL_NO": "",
        "CONTENTS_DETAIL": "",
        "CONTENTS_STATUS": "0",
        "EXTRA_DATA_01": "",
        "EXTRA_DATA_02": "",
        "NAME_01": "이동경로 서대 2_3",
        "VALUE_01": "조선보병대 앞을 지나온 군중은 서대문통(지금의 세문안로)를 통해 프랑스 영사관으로 햔했다.",
        "NAME_02": "",
        "VALUE_02": "",
        "NAME_03": "※자료 출처",
        "VALUE_03": "서울역사박물관, &quot;경성과 평양의 3.1운동&quot;",
        "NAME_04": "",
        "VALUE_04": "",
        "NAME_05": "",
        "VALUE_05": "",
        "NAME_06": "",
        "VALUE_06": "",
        "NAME_07": "",
        "VALUE_07": "",
        "NAME_08": "",
        "VALUE_08": "",
        "NAME_09": "",
        "VALUE_09": "",
        "NAME_10": "",
        "VALUE_10": "",
        "NAME_11": "",
        "VALUE_11": "",
        "NAME_12": "",
        "VALUE_12": "",
        "NAME_13": "",
        "VALUE_13": "",
        "NAME_14": "",
        "VALUE_14": "",
        "NAME_15": "",
        "VALUE_15": "",
        "NAME_16": "",
        "VALUE_16": "",
        "NAME_17": "",
        "VALUE_17": "",
        "NAME_18": "",
        "VALUE_18": "",
        "NAME_19": "",
        "VALUE_19": "",
        "NAME_20": "",
        "VALUE_20": "",
        "COORD_TYPE": "3",
        "LINE_PATTERN": "",
        "LINE_COLOR": "",
        "LINE_WEIGHT": "",
        "MOVIE_URL": "",
        "VOICE_URL": "",
        "NATION_BASE_AREA": "03183",
        "NATION_POINT_NUMBER": "다사53765246",
        "LAN_TYPE": "",
        "KEYWORD": "",
        "SUB_ID": "2-2",
        "COT_CRTFC_YN": ""
      },
      "id": "61"
    },
    {
      "type": "Feature",
      "geometry": {
        "type": "GeometryCollection",
        "geometries": [
          {
            "type": "LineString",
            "coordinates": [
              [
                126.9768,
                37.5648
              ],
              [
                126.9768,
                37.565
              ],
              [
                126.9768,
                37.5654
              ],
              [
                126.9768,
                37.5661
              ],
              [
                126.9768,
                37.5666
              ],
              [
                126.9768,
                37.5686
              ],
              [
                126.9767,
                37.5698
              ],
              [
                126.9766,
                37.5699
              ],
              [
                126.9767,
                37.57
              ],
              [
                126.9773,
                37.57
              ],
              [
                126.9773,
                37.5704
              ],
              [
                126.9774,
                37.5705
              ],
              [
                126.9774,
                37.572
              ],
              [
                126.9773,
                37.5731
              ],
              [
                126.9773,
                37.5742
              ],
              [
                126.9773,
                37.5749
              ],
              [
                126.9775,
                37.5752
              ],
              [
                126.9773,
                37.5753
              ],
              [
                126.9773,
                37.5757
              ],
              [
                126.9764,
                37.5757
              ],
              [
                126.9764,
                37.5753
              ],
              [
                126.9761,
                37.5752
              ],
              [
                126.9763,
                37.5749
              ],
              [
                126.9763,
                37.5744
              ],
              [
                126.9763,
                37.5741
              ],
              [
                126.9765,
                37.5704
              ],
              [
                126.9764,
                37.5704
              ]
            ]
          }
        ]
      },
      "properties": {
        "CONTENTS_NAME": "이동경로 서대 1_3_1_1",
        "IMG_MAIN_URL": "",
        "ADDR_OLD": "서울특별시 중구 태평로2가 113-1",
        "ADDR_NEW": "서울특별시 중구 세종대로 93",
        "COORD_DATA": "[[126.976772846032,37.5648128258785],[126.976805600999,37.5649864803382],[126.976816555461,37.5654439624616],[126.976812316172,37.566050099445],[126.97680851804,37.5665931440497],[126.976772064769,37.5685669315279],[126.976729140779,37.5698466530836],[126.976620999227,37.5699272948595],[126.976682459109,37.5700447423288],[126.977333629156,37.5700386136336],[126.977331109736,37.5703991409634],[126.977421258151,37.5704626342854],[126.97735987784,37.5719540902924],[126.977323599712,37.5730941321889],[126.977309874248,37.5742477938954],[126.977316568204,37.5749103125123],[126.977478535364,37.5752310071904],[126.977336224571,37.5753385386398],[126.977299573804,37.575721448157],[126.976433189518,37.5757266221775],[126.976418948019,37.5753344737762],[126.976102717269,37.575211389135],[126.976297156963,37.574937341542],[126.976318183028,37.5743605736988],[126.976342630283,37.574103798662],[126.976487560596,37.5703863897532],[126.976391404207,37.5703724431113]]",
        "COORD_X": "126.976772846",
        "COORD_Y": "37.564812826",
        "TEL_NO": "",
        "CONTENTS_DETAIL": "",
        "CONTENTS_STATUS": "0",
        "EXTRA_DATA_01": "",
        "EXTRA_DATA_02": "",
        "NAME_01": "이동경로 서대 2_3",
        "VALUE_01": "덕수궁에 도착한 무리는, 광화문으로 향한 후 조선보병대(서울정부청사, 행정안정부)을 통해 서대문정(서대문로)로 향했다.",
        "NAME_02": "",
        "VALUE_02": "",
        "NAME_03": "※자료 출처",
        "VALUE_03": "서울역사박물관, &quot;경성과 평양의 3.1운동&quot;",
        "NAME_04": "",
        "VALUE_04": "",
        "NAME_05": "",
        "VALUE_05": "",
        "NAME_06": "",
        "VALUE_06": "",
        "NAME_07": "",
        "VALUE_07": "",
        "NAME_08": "",
        "VALUE_08": "",
        "NAME_09": "",
        "VALUE_09": "",
        "NAME_10": "",
        "VALUE_10": "",
        "NAME_11": "",
        "VALUE_11": "",
        "NAME_12": "",
        "VALUE_12": "",
        "NAME_13": "",
        "VALUE_13": "",
        "NAME_14": "",
        "VALUE_14": "",
        "NAME_15": "",
        "VALUE_15": "",
        "NAME_16": "",
        "VALUE_16": "",
        "NAME_17": "",
        "VALUE_17": "",
        "NAME_18": "",
        "VALUE_18": "",
        "NAME_19": "",
        "VALUE_19": "",
        "NAME_20": "",
        "VALUE_20": "",
        "COORD_TYPE": "3",
        "LINE_PATTERN": "",
        "LINE_COLOR": "",
        "LINE_WEIGHT": "",
        "MOVIE_URL": "",
        "VOICE_URL": "",
        "NATION_BASE_AREA": "04515",
        "NATION_POINT_NUMBER": "다사53795184",
        "LAN_TYPE": "",
        "KEYWORD": "",
        "SUB_ID": "2-2",
        "COT_CRTFC_YN": ""
      },
      "id": "62"
    },
    {
      "type": "Feature",
      "geometry": {
        "type": "GeometryCollection",
        "geometries": [
          {
            "type": "LineString",
            "coordinates": [
              [
                126.9774,
                37.5652
              ],
              [
                126.9768,
                37.5652
              ],
              [
                126.9768,
                37.5651
              ],
              [
                126.9766,
                37.565
              ],
              [
                126.9766,
                37.5649
              ],
              [
                126.9761,
                37.565
              ],
              [
                126.9759,
                37.565
              ],
              [
                126.9751,
                37.5649
              ],
              [
                126.9743,
                37.5648
              ],
              [
                126.9741,
                37.5648
              ],
              [
                126.974,
                37.5649
              ],
              [
                126.9736,
                37.5653
              ],
              [
                126.9736,
                37.5666
              ],
              [
                126.9734,
                37.567
              ],
              [
                126.9733,
                37.5675
              ],
              [
                126.9732,
                37.5675
              ],
              [
                126.9732,
                37.5674
              ],
              [
                126.9733,
                37.5672
              ],
              [
                126.9733,
                37.5671
              ],
              [
                126.9734,
                37.5666
              ],
              [
                126.9734,
                37.5666
              ],
              [
                126.9734,
                37.5661
              ],
              [
                126.9735,
                37.5654
              ],
              [
                126.9736,
                37.5652
              ],
              [
                126.9737,
                37.5651
              ],
              [
                126.9739,
                37.5649
              ],
              [
                126.974,
                37.5648
              ],
              [
                126.9741,
                37.5647
              ],
              [
                126.9743,
                37.5647
              ],
              [
                126.9748,
                37.5648
              ],
              [
                126.9751,
                37.5648
              ],
              [
                126.9758,
                37.5649
              ],
              [
                126.976,
                37.5649
              ],
              [
                126.9761,
                37.5649
              ],
              [
                126.9768,
                37.5648
              ]
            ]
          }
        ]
      },
      "properties": {
        "CONTENTS_NAME": "이동경로 서대 1_2",
        "IMG_MAIN_URL": "",
        "ADDR_OLD": "서울특별시 중구 정동 5-8",
        "ADDR_NEW": "서울특별시 중구 세종대로 101",
        "COORD_DATA": "[[126.977429597873,37.5652168341329],[126.976823792807,37.5652186578007],[126.976807880135,37.5650653582992],[126.976626903767,37.5650375157325],[126.976588125174,37.5649156619725],[126.976134943998,37.5649519591801],[126.975891297966,37.5649801715698],[126.975135910028,37.5649182281462],[126.974258882363,37.5648444714317],[126.974089151123,37.5648279418907],[126.974009717205,37.5648523750541],[126.973561840133,37.5653416128023],[126.97356999202,37.5665967744534],[126.973425408094,37.5670287760082],[126.973325829703,37.5675015387287],[126.973215460152,37.5674965395622],[126.97320216308,37.5673747984532],[126.973251413241,37.5672150292058],[126.973289213115,37.5670732357787],[126.973425384916,37.5666299300435],[126.973434257906,37.5665758888228],[126.973443313773,37.5660937087535],[126.973454161726,37.5653569061702],[126.973608368412,37.5651660576379],[126.973716728167,37.5650538723785],[126.973896473265,37.5648541238294],[126.973976350864,37.5647665984356],[126.974089800602,37.5647355567251],[126.97430768518,37.5647477939565],[126.974774434056,37.5647949387149],[126.975105452117,37.5648211979371],[126.975806881984,37.5649076890283],[126.975979665498,37.5648926825052],[126.976112819085,37.5648774998777],[126.976770031091,37.5648105600354]]",
        "COORD_X": "126.977429598",
        "COORD_Y": "37.565216834",
        "TEL_NO": "",
        "CONTENTS_DETAIL": "",
        "CONTENTS_STATUS": "0",
        "EXTRA_DATA_01": "",
        "EXTRA_DATA_02": "",
        "NAME_01": "이동경로 서대 2_3",
        "VALUE_01": "무교정을 통해 이동한 군중은 대한문 앞에 도착했다. 이후 미국 영사관으로 이동한 후 다시 대한문 앞으로 이동하였다.",
        "NAME_02": "",
        "VALUE_02": "",
        "NAME_03": "※자료 출처",
        "VALUE_03": "서울역사박물관, &quot;경성과 평양의 3.1운동&quot;",
        "NAME_04": "",
        "VALUE_04": "",
        "NAME_05": "",
        "VALUE_05": "",
        "NAME_06": "",
        "VALUE_06": "",
        "NAME_07": "",
        "VALUE_07": "",
        "NAME_08": "",
        "VALUE_08": "",
        "NAME_09": "",
        "VALUE_09": "",
        "NAME_10": "",
        "VALUE_10": "",
        "NAME_11": "",
        "VALUE_11": "",
        "NAME_12": "",
        "VALUE_12": "",
        "NAME_13": "",
        "VALUE_13": "",
        "NAME_14": "",
        "VALUE_14": "",
        "NAME_15": "",
        "VALUE_15": "",
        "NAME_16": "",
        "VALUE_16": "",
        "NAME_17": "",
        "VALUE_17": "",
        "NAME_18": "",
        "VALUE_18": "",
        "NAME_19": "",
        "VALUE_19": "",
        "NAME_20": "",
        "VALUE_20": "",
        "COORD_TYPE": "3",
        "LINE_PATTERN": "",
        "LINE_COLOR": "",
        "LINE_WEIGHT": "",
        "MOVIE_URL": "",
        "VOICE_URL": "",
        "NATION_BASE_AREA": "04519",
        "NATION_POINT_NUMBER": "다사53855188",
        "LAN_TYPE": "",
        "KEYWORD": "",
        "SUB_ID": "2-2",
        "COT_CRTFC_YN": ""
      },
      "id": "63"
    },
    {
      "type": "Feature",
      "geometry": {
        "type": "GeometryCollection",
        "geometries": [
          {
            "type": "LineString",
            "coordinates": [
              [
                126.973,
                37.5629
              ],
              [
                126.9728,
                37.5636
              ],
              [
                126.9728,
                37.564
              ],
              [
                126.9728,
                37.5645
              ],
              [
                126.9728,
                37.5648
              ],
              [
                126.9727,
                37.565
              ],
              [
                126.9728,
                37.5651
              ],
              [
                126.9728,
                37.5651
              ],
              [
                126.9731,
                37.5652
              ],
              [
                126.9732,
                37.5653
              ],
              [
                126.9726,
                37.5656
              ],
              [
                126.9719,
                37.5661
              ],
              [
                126.9713,
                37.5664
              ],
              [
                126.971,
                37.5665
              ],
              [
                126.9711,
                37.5666
              ],
              [
                126.9714,
                37.5674
              ],
              [
                126.9712,
                37.568
              ],
              [
                126.9716,
                37.5682
              ],
              [
                126.9717,
                37.5683
              ],
              [
                126.9715,
                37.5688
              ],
              [
                126.9726,
                37.5694
              ],
              [
                126.9741,
                37.5693
              ],
              [
                126.9745,
                37.5693
              ],
              [
                126.9751,
                37.5693
              ],
              [
                126.9758,
                37.5693
              ],
              [
                126.976,
                37.5691
              ],
              [
                126.9768,
                37.5686
              ],
              [
                126.9768,
                37.5661
              ],
              [
                126.9768,
                37.5653
              ],
              [
                126.9767,
                37.5651
              ]
            ]
          }
        ]
      },
      "properties": {
        "CONTENTS_NAME": "이동경로 동대 7_2",
        "IMG_MAIN_URL": "",
        "ADDR_OLD": "서울특별시 중구 서소문동 72-2",
        "ADDR_NEW": "서울특별시 중구 서소문로11길 1",
        "COORD_DATA": "[[126.97297,37.562927],[126.97282,37.56363],[126.97282,37.56402],[126.97282,37.56449],[126.97278,37.56479],[126.97272,37.56497],[126.97275,37.565067],[126.9728,37.56509],[126.97307,37.565178],[126.9732,37.56527],[126.97261,37.565636],[126.97188,37.5661],[126.97125,37.566364],[126.970985,37.566486],[126.97108,37.56661],[126.97144,37.567417],[126.97121,37.56802],[126.97164,37.56819],[126.9717,37.568325],[126.971504,37.568825],[126.97262,37.56936],[126.97412,37.569347],[126.97453,37.569317],[126.97508,37.569313],[126.97576,37.569336],[126.97604,37.569073],[126.9768,37.56861],[126.97684,37.566116],[126.976814,37.56525],[126.976685,37.56508]]",
        "COORD_X": "126.972970237",
        "COORD_Y": "37.562925617",
        "TEL_NO": "",
        "CONTENTS_DETAIL": "",
        "CONTENTS_STATUS": "0",
        "EXTRA_DATA_01": "",
        "EXTRA_DATA_02": "",
        "NAME_01": "3.1운동 이동경로 동향 7_2",
        "VALUE_01": "서소문정에서 갈라진 두 번째 무리는 당시 이화학당과 러시아 영사관, 미국 영사관이 있는 곳으로 향했다. 그 후 다시 서대문정(세문안로) 방향으로 이동하여 대한문으로 향했다.",
        "NAME_02": "이동경로",
        "VALUE_02": "서소문정 -> 이화학당 -> 미국 영사관 -> (서대문정) -> 대한문\n\n* 1917년 당시와 서울 내 도로의 구조가 다소 상이하여, 경로 구성에 있어 변형이 있으니 참고바랍니다.",
        "NAME_03": "※자료 출처",
        "VALUE_03": "서울역사박물관, '경성과 평양의 3.1운동'",
        "NAME_04": "",
        "VALUE_04": "",
        "NAME_05": "",
        "VALUE_05": "",
        "NAME_06": "",
        "VALUE_06": "",
        "NAME_07": "",
        "VALUE_07": "",
        "NAME_08": "",
        "VALUE_08": "",
        "NAME_09": "",
        "VALUE_09": "",
        "NAME_10": "",
        "VALUE_10": "",
        "NAME_11": "",
        "VALUE_11": "",
        "NAME_12": "",
        "VALUE_12": "",
        "NAME_13": "",
        "VALUE_13": "",
        "NAME_14": "",
        "VALUE_14": "",
        "NAME_15": "",
        "VALUE_15": "",
        "NAME_16": "",
        "VALUE_16": "",
        "NAME_17": "",
        "VALUE_17": "",
        "NAME_18": "",
        "VALUE_18": "",
        "NAME_19": "",
        "VALUE_19": "",
        "NAME_20": "",
        "VALUE_20": "",
        "COORD_TYPE": "3",
        "LINE_PATTERN": "",
        "LINE_COLOR": "",
        "LINE_WEIGHT": "",
        "MOVIE_URL": "",
        "VOICE_URL": "",
        "NATION_BASE_AREA": "04516",
        "NATION_POINT_NUMBER": "다사53455163",
        "LAN_TYPE": "",
        "KEYWORD": "",
        "SUB_ID": "2-1",
        "COT_CRTFC_YN": ""
      },
      "id": "64"
    },
    {
      "type": "Feature",
      "geometry": {
        "type": "GeometryCollection",
        "geometries": [
          {
            "type": "Point",
            "coordinates": [
              126.9648,
              37.5616
            ]
          }
        ]
      },
      "properties": {
        "CONTENTS_NAME": "프랑스 영사관",
        "IMG_MAIN_URL": "",
        "ADDR_OLD": "서울특별시 서대문구 합동 30",
        "ADDR_NEW": "서울특별시 서대문구 서소문로 43-12",
        "COORD_DATA": "[126.964790778,37.561554826]",
        "COORD_X": "126.964790778",
        "COORD_Y": "37.561554826",
        "TEL_NO": "",
        "CONTENTS_DETAIL": "",
        "CONTENTS_STATUS": "1",
        "EXTRA_DATA_01": "",
        "EXTRA_DATA_02": "",
        "NAME_01": "이동경로",
        "VALUE_01": "프랑스 영사관",
        "NAME_02": "",
        "VALUE_02": "",
        "NAME_03": "",
        "VALUE_03": "",
        "NAME_04": "",
        "VALUE_04": "",
        "NAME_05": "※자료 출처",
        "VALUE_05": "",
        "NAME_06": "",
        "VALUE_06": "",
        "NAME_07": "",
        "VALUE_07": "",
        "NAME_08": "",
        "VALUE_08": "",
        "NAME_09": "",
        "VALUE_09": "",
        "NAME_10": "",
        "VALUE_10": "",
        "NAME_11": "",
        "VALUE_11": "",
        "NAME_12": "",
        "VALUE_12": "",
        "NAME_13": "",
        "VALUE_13": "",
        "NAME_14": "",
        "VALUE_14": "",
        "NAME_15": "",
        "VALUE_15": "",
        "NAME_16": "",
        "VALUE_16": "",
        "NAME_17": "",
        "VALUE_17": "",
        "NAME_18": "",
        "VALUE_18": "",
        "NAME_19": "",
        "VALUE_19": "",
        "NAME_20": "",
        "VALUE_20": "",
        "COORD_TYPE": "1",
        "LINE_PATTERN": "",
        "LINE_COLOR": "",
        "LINE_WEIGHT": "",
        "MOVIE_URL": "",
        "VOICE_URL": "",
        "NATION_BASE_AREA": "03741",
        "NATION_POINT_NUMBER": "다사52735148",
        "LAN_TYPE": "",
        "KEYWORD": "",
        "SUB_ID": "2",
        "COT_CRTFC_YN": ""
      },
      "id": "65"
    },
    {
      "type": "Feature",
      "geometry": {
        "type": "GeometryCollection",
        "geometries": [
          {
            "type": "LineString",
            "coordinates": [
              [
                126.9832,
                37.5704
              ],
              [
                126.9831,
                37.5704
              ],
              [
                126.9828,
                37.5704
              ],
              [
                126.9827,
                37.5705
              ],
              [
                126.9826,
                37.5704
              ],
              [
                126.982,
                37.5703
              ],
              [
                126.9795,
                37.5704
              ],
              [
                126.9795,
                37.57
              ],
              [
                126.9793,
                37.57
              ],
              [
                126.9792,
                37.5692
              ],
              [
                126.9792,
                37.569
              ],
              [
                126.9791,
                37.5689
              ],
              [
                126.9792,
                37.5689
              ],
              [
                126.9792,
                37.5682
              ],
              [
                126.9791,
                37.5678
              ],
              [
                126.9791,
                37.5671
              ],
              [
                126.9791,
                37.5669
              ],
              [
                126.9791,
                37.5663
              ],
              [
                126.9791,
                37.566
              ],
              [
                126.9789,
                37.566
              ],
              [
                126.9784,
                37.5658
              ],
              [
                126.9776,
                37.5655
              ],
              [
                126.9774,
                37.5652
              ]
            ]
          }
        ]
      },
      "properties": {
        "CONTENTS_NAME": "이동경로 서대 1_1",
        "IMG_MAIN_URL": "",
        "ADDR_OLD": "서울특별시 종로구 종로2가 1-2",
        "ADDR_NEW": "서울특별시 종로구 종로 55",
        "COORD_DATA": "[[126.983215,37.570446],[126.98312,37.57039],[126.9828,37.570393],[126.98271,37.570465],[126.98257,37.57035],[126.98199,37.570343],[126.9795,37.57035],[126.97952,37.570045],[126.979256,37.570034],[126.979195,37.569164],[126.97916,37.568977],[126.97913,37.568867],[126.979195,37.56885],[126.97916,37.568226],[126.97914,37.56781],[126.97912,37.567093],[126.979126,37.566895],[126.97906,37.56629],[126.97906,37.56604],[126.97891,37.565994],[126.97838,37.565804],[126.97761,37.565487],[126.97743,37.565212]]",
        "COORD_X": "126.983213597",
        "COORD_Y": "37.570447572",
        "TEL_NO": "",
        "CONTENTS_DETAIL": "",
        "CONTENTS_STATUS": "0",
        "EXTRA_DATA_01": "",
        "EXTRA_DATA_02": "",
        "NAME_01": "이동경로 서대 2_3",
        "VALUE_01": "탑골공원으로 나온 무리는 크게 두 갈래로 나뉘었다. 그 중 한 무리는 무교정(지금의 무교동, 무교동)으로 이동하였다.",
        "NAME_02": "",
        "VALUE_02": "",
        "NAME_03": "※자료 출처",
        "VALUE_03": "서울역사박물관, &amp;quot;경성과 평양의 3.1운동&amp;quot;",
        "NAME_04": "",
        "VALUE_04": "",
        "NAME_05": "",
        "VALUE_05": "",
        "NAME_06": "",
        "VALUE_06": "",
        "NAME_07": "",
        "VALUE_07": "",
        "NAME_08": "",
        "VALUE_08": "",
        "NAME_09": "",
        "VALUE_09": "",
        "NAME_10": "",
        "VALUE_10": "",
        "NAME_11": "",
        "VALUE_11": "",
        "NAME_12": "",
        "VALUE_12": "",
        "NAME_13": "",
        "VALUE_13": "",
        "NAME_14": "",
        "VALUE_14": "",
        "NAME_15": "",
        "VALUE_15": "",
        "NAME_16": "",
        "VALUE_16": "",
        "NAME_17": "",
        "VALUE_17": "",
        "NAME_18": "",
        "VALUE_18": "",
        "NAME_19": "",
        "VALUE_19": "",
        "NAME_20": "",
        "VALUE_20": "",
        "COORD_TYPE": "3",
        "LINE_PATTERN": "",
        "LINE_COLOR": "",
        "LINE_WEIGHT": "",
        "MOVIE_URL": "",
        "VOICE_URL": "",
        "NATION_BASE_AREA": "03161",
        "NATION_POINT_NUMBER": "다사54365246",
        "LAN_TYPE": "",
        "KEYWORD": "",
        "SUB_ID": "2-2",
        "COT_CRTFC_YN": ""
      },
      "id": "66"
    },
    {
      "type": "Feature",
      "geometry": {
        "type": "GeometryCollection",
        "geometries": [
          {
            "type": "LineString",
            "coordinates": [
              [
                126.9832,
                37.5705
              ],
              [
                126.9831,
                37.5704
              ],
              [
                126.9831,
                37.5701
              ],
              [
                126.9832,
                37.57
              ],
              [
                126.9831,
                37.5699
              ],
              [
                126.983,
                37.5696
              ],
              [
                126.983,
                37.5691
              ],
              [
                126.983,
                37.569
              ],
              [
                126.983,
                37.569
              ],
              [
                126.9829,
                37.569
              ],
              [
                126.9829,
                37.5688
              ],
              [
                126.983,
                37.5687
              ],
              [
                126.983,
                37.5686
              ],
              [
                126.9829,
                37.5685
              ],
              [
                126.9829,
                37.5678
              ],
              [
                126.9829,
                37.5673
              ],
              [
                126.9829,
                37.5666
              ],
              [
                126.9831,
                37.5664
              ],
              [
                126.9829,
                37.5662
              ],
              [
                126.9829,
                37.5659
              ],
              [
                126.9824,
                37.5659
              ],
              [
                126.9823,
                37.5658
              ],
              [
                126.9824,
                37.5656
              ],
              [
                126.9824,
                37.5652
              ],
              [
                126.9822,
                37.5646
              ],
              [
                126.982,
                37.564
              ],
              [
                126.982,
                37.5638
              ],
              [
                126.9818,
                37.5638
              ],
              [
                126.9817,
                37.5637
              ],
              [
                126.9819,
                37.5636
              ],
              [
                126.9818,
                37.5633
              ],
              [
                126.9816,
                37.5629
              ],
              [
                126.9815,
                37.5626
              ],
              [
                126.9812,
                37.5622
              ],
              [
                126.9811,
                37.5623
              ],
              [
                126.9809,
                37.5622
              ],
              [
                126.981,
                37.5621
              ],
              [
                126.981,
                37.562
              ],
              [
                126.9808,
                37.5618
              ],
              [
                126.9804,
                37.5616
              ],
              [
                126.9799,
                37.5615
              ],
              [
                126.9791,
                37.5614
              ],
              [
                126.9783,
                37.5612
              ],
              [
                126.9776,
                37.5611
              ],
              [
                126.9773,
                37.561
              ],
              [
                126.9769,
                37.5608
              ],
              [
                126.9763,
                37.5606
              ],
              [
                126.9761,
                37.5607
              ],
              [
                126.976,
                37.5607
              ],
              [
                126.9759,
                37.5607
              ],
              [
                126.9753,
                37.5607
              ],
              [
                126.9752,
                37.5606
              ],
              [
                126.975,
                37.5606
              ],
              [
                126.9747,
                37.5605
              ],
              [
                126.9746,
                37.5604
              ],
              [
                126.9746,
                37.5602
              ],
              [
                126.9741,
                37.5599
              ],
              [
                126.9744,
                37.5598
              ],
              [
                126.9743,
                37.5595
              ],
              [
                126.9741,
                37.5591
              ],
              [
                126.9736,
                37.5586
              ],
              [
                126.9731,
                37.5581
              ],
              [
                126.9729,
                37.5577
              ],
              [
                126.9727,
                37.5576
              ],
              [
                126.9725,
                37.5576
              ],
              [
                126.9724,
                37.5576
              ],
              [
                126.9722,
                37.5576
              ],
              [
                126.9721,
                37.5577
              ]
            ]
          }
        ]
      },
      "properties": {
        "CONTENTS_NAME": "이동경로 서대 2_1",
        "IMG_MAIN_URL": "",
        "ADDR_OLD": "서울특별시 종로구 종로2가 1-2",
        "ADDR_NEW": "서울특별시 종로구 종로 51",
        "COORD_DATA": "[[126.983236088305,37.570470204335],[126.983129042823,37.5703931212636],[126.983103100691,37.5700504960376],[126.983160185876,37.5699831449868],[126.983058958697,37.5698835536585],[126.983009996166,37.5695949083702],[126.98295133046,37.5690718704421],[126.983008165828,37.5690405722218],[126.983002815596,37.5689954814615],[126.98291801432,37.5689770831284],[126.982919198198,37.5688058324562],[126.982993298855,37.568734049263],[126.98297752862,37.5685582175998],[126.982926853765,37.5685174350581],[126.982909285197,37.567782760522],[126.982906738961,37.5673320759588],[126.982917727674,37.566561472478],[126.983116940414,37.5664091158586],[126.982948496245,37.5662055751728],[126.982939353736,37.5658900636635],[126.982446772838,37.5658924120062],[126.982260910555,37.5657518882658],[126.982437414209,37.5656084466491],[126.982361240892,37.5651619458543],[126.982234957998,37.5645935433508],[126.982046526938,37.5640068410767],[126.981980057428,37.5637947328173],[126.981758953302,37.563838829826],[126.981719979601,37.5637440172677],[126.981924598834,37.5636277402022],[126.981819062739,37.5633343391343],[126.981640961315,37.5628918970442],[126.981473247393,37.5625847024113],[126.981243636433,37.5622231547191],[126.981073518742,37.5622629677509],[126.980915442471,37.5621991785115],[126.980989694733,37.5621048634591],[126.981013339922,37.5619607517885],[126.980759837353,37.56177936763],[126.980370155072,37.5616424510166],[126.979867188434,37.5615140475672],[126.97912085697,37.5613755550556],[126.978295460978,37.5612096680534],[126.977594487478,37.561062352849],[126.977312029616,37.5609754746698],[126.976860211852,37.5608202444305],[126.976317944711,37.5606465843493],[126.976119775061,37.5606502119211],[126.976023157825,37.5607038640213],[126.975918743284,37.5606583331934],[126.975304072701,37.5607186974167],[126.975168696459,37.5606482412649],[126.974951345469,37.5605616468482],[126.974716679552,37.5605222957446],[126.97458698112,37.5604496108185],[126.974566393961,37.5601565812247],[126.974075498194,37.5599245518702],[126.974376324371,37.5598132230757],[126.974299033178,37.5595334611632],[126.974075570685,37.5591088325123],[126.973569571121,37.5586108361537],[126.973075153949,37.5580768353821],[126.972862516435,37.5577243605126],[126.97270499671,37.557583948191],[126.972512750073,37.557551542269],[126.972371085804,37.5575711895996],[126.972209354179,37.5576268009724],[126.972126778987,37.557696286274]]",
        "COORD_X": "126.983236088",
        "COORD_Y": "37.570470204",
        "TEL_NO": "",
        "CONTENTS_DETAIL": "",
        "CONTENTS_STATUS": "0",
        "EXTRA_DATA_01": "",
        "EXTRA_DATA_02": "",
        "NAME_01": "이동경로 서대 2_3",
        "VALUE_01": "종로 1정목 전차 교차점에서 군중은 크게 두 갈래로 나뉘었다. 그 중 한 갈래는 남대문 정거장(지금의 서울역)으로 이동하였다.",
        "NAME_02": "",
        "VALUE_02": "",
        "NAME_03": "※자료 출처",
        "VALUE_03": "서울역사박물관, &amp;quot;경성과 평양의 3.1운동&amp;quot;",
        "NAME_04": "",
        "VALUE_04": "",
        "NAME_05": "",
        "VALUE_05": "",
        "NAME_06": "",
        "VALUE_06": "",
        "NAME_07": "",
        "VALUE_07": "",
        "NAME_08": "",
        "VALUE_08": "",
        "NAME_09": "",
        "VALUE_09": "",
        "NAME_10": "",
        "VALUE_10": "",
        "NAME_11": "",
        "VALUE_11": "",
        "NAME_12": "",
        "VALUE_12": "",
        "NAME_13": "",
        "VALUE_13": "",
        "NAME_14": "",
        "VALUE_14": "",
        "NAME_15": "",
        "VALUE_15": "",
        "NAME_16": "",
        "VALUE_16": "",
        "NAME_17": "",
        "VALUE_17": "",
        "NAME_18": "",
        "VALUE_18": "",
        "NAME_19": "",
        "VALUE_19": "",
        "NAME_20": "",
        "VALUE_20": "",
        "COORD_TYPE": "3",
        "LINE_PATTERN": "",
        "LINE_COLOR": "",
        "LINE_WEIGHT": "",
        "MOVIE_URL": "",
        "VOICE_URL": "",
        "NATION_BASE_AREA": "03161",
        "NATION_POINT_NUMBER": "다사54365246",
        "LAN_TYPE": "",
        "KEYWORD": "",
        "SUB_ID": "2-2",
        "COT_CRTFC_YN": ""
      },
      "id": "67"
    },
    {
      "type": "Feature",
      "geometry": {
        "type": "GeometryCollection",
        "geometries": [
          {
            "type": "LineString",
            "coordinates": [
              [
                126.9884,
                37.5705
              ],
              [
                126.9884,
                37.5704
              ],
              [
                126.9921,
                37.5706
              ]
            ]
          }
        ]
      },
      "properties": {
        "CONTENTS_NAME": "이동경로 동대 1",
        "IMG_MAIN_URL": "",
        "ADDR_OLD": "서울특별시 종로구 종로2가 31",
        "ADDR_NEW": "서울특별시 종로구 종로 99",
        "COORD_DATA": "[[126.988416611539,37.5705017812822],[126.988428859962,37.5703666323722],[126.992085029628,37.5705852223855]]",
        "COORD_X": "126.988416612",
        "COORD_Y": "37.570501781",
        "TEL_NO": "",
        "CONTENTS_DETAIL": "",
        "CONTENTS_STATUS": "0",
        "EXTRA_DATA_01": "",
        "EXTRA_DATA_02": "",
        "NAME_01": "3.1운동 이동경로 동향 7_2",
        "VALUE_01": "오후 2시 파고다 공원에서 학생들이 독립선언서를 낭독한 뒤, 군중은 독립만세를 제창하며 공원을 나왔다. 무리는 곧 두 갈래로 나뉘었으며, 그 중 한 무리는 탑골공원 남향을 기준으로 서쪽으로 향했다.",
        "NAME_02": "이동경로",
        "VALUE_02": "탑골공원 -> 창덕궁 앞\n\n* 1919년 당시와 서울 내 도로의 구조가 다소 상이하여, 경로 구성에 있어 변형이 있으니 참고바랍니다.",
        "NAME_03": "※자료 출처",
        "VALUE_03": "서울역사박물관, &quot;경성과 평양의 3.1운동&quot;",
        "NAME_04": "",
        "VALUE_04": "",
        "NAME_05": "",
        "VALUE_05": "",
        "NAME_06": "",
        "VALUE_06": "",
        "NAME_07": "",
        "VALUE_07": "",
        "NAME_08": "",
        "VALUE_08": "",
        "NAME_09": "",
        "VALUE_09": "",
        "NAME_10": "",
        "VALUE_10": "",
        "NAME_11": "",
        "VALUE_11": "",
        "NAME_12": "",
        "VALUE_12": "",
        "NAME_13": "",
        "VALUE_13": "",
        "NAME_14": "",
        "VALUE_14": "",
        "NAME_15": "",
        "VALUE_15": "",
        "NAME_16": "",
        "VALUE_16": "",
        "NAME_17": "",
        "VALUE_17": "",
        "NAME_18": "",
        "VALUE_18": "",
        "NAME_19": "",
        "VALUE_19": "",
        "NAME_20": "",
        "VALUE_20": "",
        "COORD_TYPE": "3",
        "LINE_PATTERN": "",
        "LINE_COLOR": "",
        "LINE_WEIGHT": "",
        "MOVIE_URL": "",
        "VOICE_URL": "",
        "NATION_BASE_AREA": "03140",
        "NATION_POINT_NUMBER": "다사54825247",
        "LAN_TYPE": "",
        "KEYWORD": "",
        "SUB_ID": "2-1",
        "COT_CRTFC_YN": ""
      },
      "id": "68"
    },
    {
      "type": "Feature",
      "geometry": {
        "type": "GeometryCollection",
        "geometries": [
          {
            "type": "LineString",
            "coordinates": [
              [
                126.9889,
                37.5775
              ],
              [
                126.9881,
                37.5774
              ],
              [
                126.9875,
                37.5774
              ],
              [
                126.9869,
                37.5773
              ],
              [
                126.9859,
                37.5768
              ],
              [
                126.9852,
                37.5765
              ],
              [
                126.9844,
                37.5761
              ],
              [
                126.9839,
                37.576
              ],
              [
                126.9835,
                37.5758
              ],
              [
                126.9827,
                37.5757
              ],
              [
                126.9819,
                37.5758
              ],
              [
                126.9813,
                37.5759
              ],
              [
                126.9805,
                37.576
              ],
              [
                126.9801,
                37.576
              ],
              [
                126.9798,
                37.5761
              ],
              [
                126.9797,
                37.5762
              ],
              [
                126.9797,
                37.5764
              ],
              [
                126.9793,
                37.5764
              ],
              [
                126.9789,
                37.5759
              ],
              [
                126.9768,
                37.5759
              ]
            ]
          }
        ]
      },
      "properties": {
        "CONTENTS_NAME": "이동경로 동대 3",
        "IMG_MAIN_URL": "",
        "ADDR_OLD": "서울특별시 종로구 운니동 99",
        "ADDR_NEW": "서울특별시 종로구 율곡로 89",
        "COORD_DATA": "[[126.988853018828,37.5774800901627],[126.988114295042,37.5774453420238],[126.987539579897,37.5774405951014],[126.986861100684,37.5772911790924],[126.985898829166,37.5768273060255],[126.985212982331,37.5765156062717],[126.984386050527,37.5761356854593],[126.983920141969,37.5759556337611],[126.983482360101,37.5758027436652],[126.982730263925,37.5756574885341],[126.981899701235,37.575804821565],[126.981324358647,37.5758924295797],[126.980502675428,37.5759834576821],[126.980091958425,37.5760109432256],[126.979774260794,37.5760974247581],[126.979694612853,37.5761511544517],[126.979695813414,37.5763855095421],[126.979290928822,37.5763882309988],[126.978863783194,37.5759289132938],[126.976834293528,37.5758590955593]]",
        "COORD_X": "126.988853019",
        "COORD_Y": "37.577480090",
        "TEL_NO": "",
        "CONTENTS_DETAIL": "",
        "CONTENTS_STATUS": "0",
        "EXTRA_DATA_01": "",
        "EXTRA_DATA_02": "",
        "NAME_01": "3.1운동 이동경로 동향 7_2",
        "VALUE_01": "안국동을 지나온 무리는 경복궁 앞으로 이동했다. 그 후 서대문정(세문안로)으로 향했다.",
        "NAME_02": "이동경로",
        "VALUE_02": "안국동 -? 광화문 앞\n\n*1919년 당시와 서울 내 도로의 구조가 다소 상이하여, 경로  구성에 있어 변형이 있으니 참고바랍니다.",
        "NAME_03": "※자료 출처",
        "VALUE_03": "서울역사박물관, &quot;경성과 평양의 3.1운동&quot;",
        "NAME_04": "",
        "VALUE_04": "",
        "NAME_05": "",
        "VALUE_05": "",
        "NAME_06": "",
        "VALUE_06": "",
        "NAME_07": "",
        "VALUE_07": "",
        "NAME_08": "",
        "VALUE_08": "",
        "NAME_09": "",
        "VALUE_09": "",
        "NAME_10": "",
        "VALUE_10": "",
        "NAME_11": "",
        "VALUE_11": "",
        "NAME_12": "",
        "VALUE_12": "",
        "NAME_13": "",
        "VALUE_13": "",
        "NAME_14": "",
        "VALUE_14": "",
        "NAME_15": "",
        "VALUE_15": "",
        "NAME_16": "",
        "VALUE_16": "",
        "NAME_17": "",
        "VALUE_17": "",
        "NAME_18": "",
        "VALUE_18": "",
        "NAME_19": "",
        "VALUE_19": "",
        "NAME_20": "",
        "VALUE_20": "",
        "COORD_TYPE": "3",
        "LINE_PATTERN": "",
        "LINE_COLOR": "",
        "LINE_WEIGHT": "",
        "MOVIE_URL": "",
        "VOICE_URL": "",
        "NATION_BASE_AREA": "03058",
        "NATION_POINT_NUMBER": "다사54865324",
        "LAN_TYPE": "",
        "KEYWORD": "",
        "SUB_ID": "2-1",
        "COT_CRTFC_YN": ""
      },
      "id": "69"
    },
    {
      "type": "Feature",
      "geometry": {
        "type": "GeometryCollection",
        "geometries": [
          {
            "type": "Point",
            "coordinates": [
              126.9712,
              37.5261
            ]
          }
        ]
      },
      "properties": {
        "CONTENTS_NAME": "용산 조선총독부 인쇄소",
        "IMG_MAIN_URL": "http://sajeok.i815.or.kr/815/content/i815/HL01_1505_02.jpg",
        "ADDR_OLD": "서울특별시 용산구 용산동5가 19",
        "ADDR_NEW": "서울특별시 용산구 서빙고로 31",
        "COORD_DATA": "[126.971169162,37.526140415]",
        "COORD_X": "126.971169162",
        "COORD_Y": "37.526140415",
        "TEL_NO": "",
        "CONTENTS_DETAIL": "",
        "CONTENTS_STATUS": "1",
        "EXTRA_DATA_01": "",
        "EXTRA_DATA_02": "",
        "NAME_01": "기본정보",
        "VALUE_01": "- 사적지 분류: 국내항일운동사적지 \r\n- 운동계열분류: 3·2운동 \r\n- 종류: 건물 \r\n- 상태: 멸실 / 현재 KT 원효지사와 KT 자산운용센터 등이 들어서 있다. \r\n- 정의: 1919년 3월 8일 밤 서울지역 최초의 노동자 파업·만세시위가 일어난 곳 \r\n",
        "NAME_02": "관련정보",
        "VALUE_02": "- 관련 사건: 1919 3·1운동/1919 노동자파업 \r\n",
        "NAME_03": "관련 내용1",
        "VALUE_03": "1919년 3월 1일 터져 나온 독립만세 시위운동은 학생들의 동맹휴학, 상인들의 철시, 노동자 파업을 이끌어내며 민중화 하였는데, 그 도화선이 된 노동자 시위가 조선총독부 용산인쇄소 직공들의 파업 만세시위였다. 3월 8일 서울 시내의 상인들이 9일 아침을 기해 일제히 상점 문을 닫을 것을 결의한 것과 때를 같이해, 용산인쇄소 직공 약 200명은 돌연히 야간작업을 중지하고 거리로 나와 독립만세를 불렀다. 용산인쇄소 직공들의 파업시위는 경성헌병대 용산분대가 급거 현지에 출동해 주모자 19명을 검거하면서 일단락되었다. 그러나 9일부터 철도국, 동아연초회사, 경성전기회사 직공과 차장들의 파업시위가 이어져, 10일 아침 서울시내 전차가 모두 운휴상태에 들어가는 등 만세시위의 민중화 양상이 나타났다.\r\n",
        "NAME_04": "관련 내용2",
        "VALUE_04": "독립만세시위 이후에도 용산인쇄소 직공들은 1919년 8월 9일과 11월 10일 두 차례에 걸쳐 임금인상을 요구하는 동맹파업을 벌이며 3·1운동을 통해 각성된 사회의식을 노동운동으로 이어갔다. ",
        "NAME_05": "",
        "VALUE_05": "",
        "NAME_06": "",
        "VALUE_06": "",
        "NAME_07": "참고 문헌",
        "VALUE_07": "- 『會社及工場に於ける勞動者の調査 (1923년판)』, 조선총독부 내무국 사회과, 1924, 66-69쪽. \r\n- 「獨立運動에 關한 件」(제10보), 1919. 3. 9, 『조선소요사건관계서류』7, 국가보훈처 공훈전자사료관. \r\n- 독립운동사편찬위원회, 『독립운동사』2, 1971, 115~116쪽. ",
        "NAME_08": "지역정보",
        "VALUE_08": "- 당시 주소: 경성부 원정 3정목 1 \r\n- 위치 고증: 『독립운동사』2에 관련 사실이 기록되어 있다. 조선총독부 직영 용산인쇄소는 1923년 민영화해 조선인쇄주식회사가 되었는데, 『회사 및 공장 노동자 조사』(1923년판)를 통해 확인한 회사의 주소지는 원정 3정목 1번지였다. 용산인쇄소 터에는 조선시기 군자감 용산강 창고가 있었는데, 백동화를 찍어내던 탁지부 전환국이 1898년 8월 인천에서 옮겨와 1904년 11월 폐지될 때까지 있었던 곳이기도 하다.  ",
        "NAME_09": "※자료 출처",
        "VALUE_09": "국내 독립운동/국가수호 사적지 웹사이트( http://sajeok.i815.or.kr )과 서울 독립운동사적지 조사보고서(2008년)를 참고하여 제작하였습니다. \r\n현장 사진은 2015년 현장조사를 토대로 수정되었음을 알려 드립니다.",
        "NAME_10": "조사기간;;;;2015.6.1.~26.",
        "VALUE_10": "",
        "NAME_11": "",
        "VALUE_11": "",
        "NAME_12": "",
        "VALUE_12": "",
        "NAME_13": "",
        "VALUE_13": "",
        "NAME_14": "",
        "VALUE_14": "",
        "NAME_15": "",
        "VALUE_15": "",
        "NAME_16": "",
        "VALUE_16": "",
        "NAME_17": "",
        "VALUE_17": "",
        "NAME_18": "",
        "VALUE_18": "",
        "NAME_19": "",
        "VALUE_19": "",
        "NAME_20": "",
        "VALUE_20": "",
        "COORD_TYPE": "1",
        "LINE_PATTERN": "",
        "LINE_COLOR": "",
        "LINE_WEIGHT": "",
        "MOVIE_URL": "",
        "VOICE_URL": "",
        "NATION_BASE_AREA": "04383",
        "NATION_POINT_NUMBER": "다사53274755",
        "LAN_TYPE": "",
        "KEYWORD": "",
        "SUB_ID": "4",
        "COT_CRTFC_YN": ""
      },
      "id": "7"
    },
    {
      "type": "Feature",
      "geometry": {
        "type": "GeometryCollection",
        "geometries": [
          {
            "type": "LineString",
            "coordinates": [
              [
                126.9884,
                37.5706
              ],
              [
                126.9884,
                37.5704
              ],
              [
                126.988,
                37.5704
              ],
              [
                126.9879,
                37.5705
              ],
              [
                126.9875,
                37.5704
              ],
              [
                126.9874,
                37.5703
              ],
              [
                126.9854,
                37.5703
              ],
              [
                126.9843,
                37.5703
              ],
              [
                126.9834,
                37.5703
              ],
              [
                126.9832,
                37.5704
              ]
            ]
          }
        ]
      },
      "properties": {
        "CONTENTS_NAME": "이동경로 서대",
        "IMG_MAIN_URL": "",
        "ADDR_OLD": "서울특별시 종로구 종로2가 31",
        "ADDR_NEW": "서울특별시 종로구 종로 99",
        "COORD_DATA": "[[126.988370946842,37.5705556641794],[126.988360794629,37.5703843643305],[126.988043855197,37.5703649633672],[126.987873321291,37.5704633718199],[126.987477085024,37.5704481320428],[126.987364805761,37.5703079358174],[126.985371718123,37.5703172911283],[126.984261937706,37.5703214615225],[126.983392753822,37.5703311813235],[126.98321650541,37.5704363181217]]",
        "COORD_X": "126.988370947",
        "COORD_Y": "37.570555664",
        "TEL_NO": "",
        "CONTENTS_DETAIL": "",
        "CONTENTS_STATUS": "0",
        "EXTRA_DATA_01": "",
        "EXTRA_DATA_02": "",
        "NAME_01": "3.1운동 이동경로 동향 7_2",
        "VALUE_01": "3월 1일 오후 2시, 파고다 공원에서 학생들이 독립선언서를 낭독하였다. 이후 군중은 독립 만세를 외치며 행진하였다. 일부 무리는 파고다 공원 남향 기준, 서쪽으로 이동하였다. 서대는 당시 종로 1정목 전차 교차점(현재 종각역)까지 이동하였다.",
        "NAME_02": "이동경로",
        "VALUE_02": "",
        "NAME_03": "※자료 출처",
        "VALUE_03": "서울역사박물관, &quot;경성과 평양의 3.1운동&quot;",
        "NAME_04": "",
        "VALUE_04": "",
        "NAME_05": "",
        "VALUE_05": "",
        "NAME_06": "",
        "VALUE_06": "",
        "NAME_07": "",
        "VALUE_07": "",
        "NAME_08": "",
        "VALUE_08": "",
        "NAME_09": "",
        "VALUE_09": "",
        "NAME_10": "",
        "VALUE_10": "",
        "NAME_11": "",
        "VALUE_11": "",
        "NAME_12": "",
        "VALUE_12": "",
        "NAME_13": "",
        "VALUE_13": "",
        "NAME_14": "",
        "VALUE_14": "",
        "NAME_15": "",
        "VALUE_15": "",
        "NAME_16": "",
        "VALUE_16": "",
        "NAME_17": "",
        "VALUE_17": "",
        "NAME_18": "",
        "VALUE_18": "",
        "NAME_19": "",
        "VALUE_19": "",
        "NAME_20": "",
        "VALUE_20": "",
        "COORD_TYPE": "3",
        "LINE_PATTERN": "",
        "LINE_COLOR": "",
        "LINE_WEIGHT": "",
        "MOVIE_URL": "",
        "VOICE_URL": "",
        "NATION_BASE_AREA": "03140",
        "NATION_POINT_NUMBER": "다사54815247",
        "LAN_TYPE": "",
        "KEYWORD": "",
        "SUB_ID": "2-2",
        "COT_CRTFC_YN": ""
      },
      "id": "70"
    },
    {
      "type": "Feature",
      "geometry": {
        "type": "GeometryCollection",
        "geometries": [
          {
            "type": "LineString",
            "coordinates": [
              [
                126.9767,
                37.565
              ],
              [
                126.9768,
                37.565
              ],
              [
                126.9768,
                37.5652
              ],
              [
                126.9774,
                37.5652
              ],
              [
                126.9777,
                37.5651
              ],
              [
                126.9777,
                37.5648
              ],
              [
                126.9782,
                37.5648
              ],
              [
                126.9784,
                37.5649
              ],
              [
                126.9785,
                37.5649
              ],
              [
                126.9787,
                37.5646
              ],
              [
                126.9788,
                37.5645
              ],
              [
                126.9792,
                37.564
              ],
              [
                126.9795,
                37.5637
              ],
              [
                126.98,
                37.5633
              ],
              [
                126.9805,
                37.5627
              ],
              [
                126.9808,
                37.5623
              ],
              [
                126.981,
                37.5621
              ],
              [
                126.981,
                37.562
              ],
              [
                126.9808,
                37.5618
              ],
              [
                126.9809,
                37.5616
              ],
              [
                126.9811,
                37.5616
              ],
              [
                126.9812,
                37.5615
              ],
              [
                126.9815,
                37.561
              ],
              [
                126.9817,
                37.5606
              ],
              [
                126.9817,
                37.5605
              ],
              [
                126.9817,
                37.5604
              ],
              [
                126.9818,
                37.5604
              ],
              [
                126.9822,
                37.5606
              ],
              [
                126.9822,
                37.5607
              ],
              [
                126.9823,
                37.5607
              ],
              [
                126.9824,
                37.5607
              ],
              [
                126.9833,
                37.5608
              ],
              [
                126.9851,
                37.561
              ],
              [
                126.985,
                37.5614
              ],
              [
                126.9848,
                37.562
              ]
            ]
          }
        ]
      },
      "properties": {
        "CONTENTS_NAME": "이동경로 동대 8",
        "IMG_MAIN_URL": "",
        "ADDR_OLD": "서울특별시 중구 정동 5-1",
        "ADDR_NEW": "서울특별시 중구 세종대로 99",
        "COORD_DATA": "[[126.976672226663,37.5650332099123],[126.976808132283,37.5650293055376],[126.976823824325,37.5652141512056],[126.977406952132,37.5652167338925],[126.977651306426,37.5650871199733],[126.977687005582,37.5648394074871],[126.978173980924,37.5648280407367],[126.978405847227,37.5648651192502],[126.978490799789,37.5648609878113],[126.978702313206,37.5645689841459],[126.978810664501,37.5644567941358],[126.979221452414,37.564003426568],[126.979546124292,37.5637209339067],[126.979979548846,37.5632676634068],[126.98045875892,37.5627424849612],[126.980801248751,37.562338385249],[126.980984158584,37.56208681217],[126.981041520844,37.5619789026169],[126.980799277955,37.5618065815122],[126.980931048423,37.5615818240136],[126.981101039611,37.5615600375754],[126.981186394552,37.5614973183522],[126.981461253511,37.5610478520086],[126.981736015494,37.5606119047728],[126.98167430546,37.560530512563],[126.981674929864,37.5604403805194],[126.981810795733,37.5604409769207],[126.982183460018,37.5605823208965],[126.98219935168,37.5607401264671],[126.982295683946,37.5607270287022],[126.982380693981,37.5607138812198],[126.983302955272,37.5607900288631],[126.985068135022,37.560955476742],[126.984968514538,37.5614462767912],[126.98484568938,37.562018096759]]",
        "COORD_X": "126.976672227",
        "COORD_Y": "37.565033210",
        "TEL_NO": "",
        "CONTENTS_DETAIL": "",
        "CONTENTS_STATUS": "0",
        "EXTRA_DATA_01": "",
        "EXTRA_DATA_02": "",
        "NAME_01": "3.1운동 이동경로 동향 7_2",
        "VALUE_01": "이동경로 7_2를 통해 이동한 무리는 장곡천정(소공로)를 통해 이동하였다. 이후 해당 무리는 경찰에 체포되었다.",
        "NAME_02": "이동경로",
        "VALUE_02": "대한문 -> 장곡천정(소공로)",
        "NAME_03": "※자료 출처",
        "VALUE_03": "서울역사박물관, &quot;경성과 평양의 3.1운동&quot;",
        "NAME_04": "",
        "VALUE_04": "",
        "NAME_05": "",
        "VALUE_05": "",
        "NAME_06": "",
        "VALUE_06": "",
        "NAME_07": "",
        "VALUE_07": "",
        "NAME_08": "",
        "VALUE_08": "",
        "NAME_09": "",
        "VALUE_09": "",
        "NAME_10": "",
        "VALUE_10": "",
        "NAME_11": "",
        "VALUE_11": "",
        "NAME_12": "",
        "VALUE_12": "",
        "NAME_13": "",
        "VALUE_13": "",
        "NAME_14": "",
        "VALUE_14": "",
        "NAME_15": "",
        "VALUE_15": "",
        "NAME_16": "",
        "VALUE_16": "",
        "NAME_17": "",
        "VALUE_17": "",
        "NAME_18": "",
        "VALUE_18": "",
        "NAME_19": "",
        "VALUE_19": "",
        "NAME_20": "",
        "VALUE_20": "",
        "COORD_TYPE": "3",
        "LINE_PATTERN": "",
        "LINE_COLOR": "",
        "LINE_WEIGHT": "",
        "MOVIE_URL": "",
        "VOICE_URL": "",
        "NATION_BASE_AREA": "04519",
        "NATION_POINT_NUMBER": "다사53785187",
        "LAN_TYPE": "",
        "KEYWORD": "",
        "SUB_ID": "2-1",
        "COT_CRTFC_YN": ""
      },
      "id": "71"
    },
    {
      "type": "Feature",
      "geometry": {
        "type": "GeometryCollection",
        "geometries": [
          {
            "type": "LineString",
            "coordinates": [
              [
                126.973,
                37.5629
              ],
              [
                126.9731,
                37.5629
              ],
              [
                126.9734,
                37.563
              ],
              [
                126.9737,
                37.5631
              ],
              [
                126.9741,
                37.5632
              ],
              [
                126.9748,
                37.5635
              ],
              [
                126.9758,
                37.5639
              ],
              [
                126.9767,
                37.5642
              ],
              [
                126.9768,
                37.5645
              ],
              [
                126.9768,
                37.5648
              ]
            ]
          }
        ]
      },
      "properties": {
        "CONTENTS_NAME": "이동경로 동대 7_1",
        "IMG_MAIN_URL": "",
        "ADDR_OLD": "서울특별시 중구 서소문동 72-2",
        "ADDR_NEW": "서울특별시 중구 서소문로11길 1",
        "COORD_DATA": "[[126.972967390382,37.5629278574284],[126.973080504454,37.5629441358983],[126.973371599342,37.5630107823971],[126.973688059506,37.5630933148345],[126.974055123375,37.5632256459615],[126.974834324011,37.5635220524499],[126.975788542572,37.5638890854467],[126.976692054741,37.564222085472],[126.97678058774,37.5645154156678],[126.97677001533,37.5648128133331]]",
        "COORD_X": "126.972967390",
        "COORD_Y": "37.562927857",
        "TEL_NO": "",
        "CONTENTS_DETAIL": "",
        "CONTENTS_STATUS": "0",
        "EXTRA_DATA_01": "",
        "EXTRA_DATA_02": "",
        "NAME_01": "3.1운동 이동경로 동향 7_2",
        "VALUE_01": "서소문정에서 갈라진 두 무리중 하나는 대한문으로 향했다.",
        "NAME_02": "이동경로",
        "VALUE_02": "서소문정 -> 대한문\r\n\r\n* 1919년 당시와 서울 내 도로의 구조가 다소 상이하여, 경로 구성에 있어 변형이 있으니 참고바랍니다.",
        "NAME_03": "※자료 출처",
        "VALUE_03": "서울역사박물관, &quot;경성과 평양의 3.1운동&quot;",
        "NAME_04": "",
        "VALUE_04": "",
        "NAME_05": "",
        "VALUE_05": "",
        "NAME_06": "",
        "VALUE_06": "",
        "NAME_07": "",
        "VALUE_07": "",
        "NAME_08": "",
        "VALUE_08": "",
        "NAME_09": "",
        "VALUE_09": "",
        "NAME_10": "",
        "VALUE_10": "",
        "NAME_11": "",
        "VALUE_11": "",
        "NAME_12": "",
        "VALUE_12": "",
        "NAME_13": "",
        "VALUE_13": "",
        "NAME_14": "",
        "VALUE_14": "",
        "NAME_15": "",
        "VALUE_15": "",
        "NAME_16": "",
        "VALUE_16": "",
        "NAME_17": "",
        "VALUE_17": "",
        "NAME_18": "",
        "VALUE_18": "",
        "NAME_19": "",
        "VALUE_19": "",
        "NAME_20": "",
        "VALUE_20": "",
        "COORD_TYPE": "3",
        "LINE_PATTERN": "",
        "LINE_COLOR": "",
        "LINE_WEIGHT": "",
        "MOVIE_URL": "",
        "VOICE_URL": "",
        "NATION_BASE_AREA": "04516",
        "NATION_POINT_NUMBER": "다사53455163",
        "LAN_TYPE": "",
        "KEYWORD": "",
        "SUB_ID": "2-1",
        "COT_CRTFC_YN": ""
      },
      "id": "72"
    },
    {
      "type": "Feature",
      "geometry": {
        "type": "GeometryCollection",
        "geometries": [
          {
            "type": "LineString",
            "coordinates": [
              [
                126.9662,
                37.5611
              ],
              [
                126.9664,
                37.5612
              ],
              [
                126.9666,
                37.5614
              ],
              [
                126.967,
                37.5615
              ],
              [
                126.9674,
                37.5617
              ],
              [
                126.9677,
                37.5617
              ],
              [
                126.9681,
                37.5618
              ],
              [
                126.9686,
                37.5619
              ],
              [
                126.9691,
                37.5621
              ],
              [
                126.9693,
                37.5621
              ],
              [
                126.9693,
                37.5622
              ],
              [
                126.9693,
                37.5622
              ],
              [
                126.9696,
                37.5624
              ],
              [
                126.9697,
                37.5623
              ],
              [
                126.9698,
                37.5622
              ],
              [
                126.97,
                37.5623
              ],
              [
                126.9705,
                37.5624
              ],
              [
                126.9714,
                37.5626
              ],
              [
                126.9725,
                37.5628
              ],
              [
                126.973,
                37.5629
              ]
            ]
          }
        ]
      },
      "properties": {
        "CONTENTS_NAME": "이동경로 동대 6",
        "IMG_MAIN_URL": "",
        "ADDR_OLD": "서울특별시 서대문구 합동 116",
        "ADDR_NEW": "서울특별시 서대문구 서소문로 45",
        "COORD_DATA": "[[126.966192601823,37.5610676854336],[126.966420639454,37.5612422255889],[126.96664045952,37.5613784209249],[126.966953657184,37.5615195442186],[126.967414046122,37.5616613307615],[126.967710647695,37.5617482963535],[126.968083739855,37.5618265923746],[126.968564251115,37.5619256511055],[126.969106812865,37.5620565340738],[126.969259345264,37.5621022872299],[126.969275881277,37.5621654558649],[126.969255763371,37.5622081794156],[126.969645252099,37.5623699188258],[126.969708164302,37.56228006671],[126.969841521997,37.5622355982736],[126.970036562155,37.5622747811974],[126.970522596658,37.5623941370707],[126.971449587456,37.5626033472367],[126.972492559683,37.5628243352436],[126.972967358635,37.5629323640225]]",
        "COORD_X": "126.966192602",
        "COORD_Y": "37.561067685",
        "TEL_NO": "",
        "CONTENTS_DETAIL": "",
        "CONTENTS_STATUS": "0",
        "EXTRA_DATA_01": "",
        "EXTRA_DATA_02": "",
        "NAME_01": "3.1운동 이동경로 동향 7_2",
        "VALUE_01": "서소문정을 통해 이동한 경로는 크게 두 갈래로 나뉘다. 첫 번째 무리는 대한문(덕수궁 정문)으로 이동했으며, 다른 한 무리는 미국 영사관과 이화학당으로 향했다.",
        "NAME_02": "이동경로",
        "VALUE_02": "서소문정(서소문로)",
        "NAME_03": "※자료 출처",
        "VALUE_03": "서울역사박물관, &quot;경성과 평양의 3.1운동&quot;",
        "NAME_04": "",
        "VALUE_04": "",
        "NAME_05": "",
        "VALUE_05": "",
        "NAME_06": "",
        "VALUE_06": "",
        "NAME_07": "",
        "VALUE_07": "",
        "NAME_08": "",
        "VALUE_08": "",
        "NAME_09": "",
        "VALUE_09": "",
        "NAME_10": "",
        "VALUE_10": "",
        "NAME_11": "",
        "VALUE_11": "",
        "NAME_12": "",
        "VALUE_12": "",
        "NAME_13": "",
        "VALUE_13": "",
        "NAME_14": "",
        "VALUE_14": "",
        "NAME_15": "",
        "VALUE_15": "",
        "NAME_16": "",
        "VALUE_16": "",
        "NAME_17": "",
        "VALUE_17": "",
        "NAME_18": "",
        "VALUE_18": "",
        "NAME_19": "",
        "VALUE_19": "",
        "NAME_20": "",
        "VALUE_20": "",
        "COORD_TYPE": "3",
        "LINE_PATTERN": "",
        "LINE_COLOR": "",
        "LINE_WEIGHT": "",
        "MOVIE_URL": "",
        "VOICE_URL": "",
        "NATION_BASE_AREA": "03741",
        "NATION_POINT_NUMBER": "다사52855143",
        "LAN_TYPE": "",
        "KEYWORD": "",
        "SUB_ID": "2-1",
        "COT_CRTFC_YN": ""
      },
      "id": "73"
    },
    {
      "type": "Feature",
      "geometry": {
        "type": "GeometryCollection",
        "geometries": [
          {
            "type": "LineString",
            "coordinates": [
              [
                126.9638,
                37.5613
              ],
              [
                126.9638,
                37.5613
              ],
              [
                126.9639,
                37.5611
              ],
              [
                126.964,
                37.5609
              ],
              [
                126.9641,
                37.5607
              ],
              [
                126.9641,
                37.5606
              ],
              [
                126.9642,
                37.5605
              ],
              [
                126.9643,
                37.5604
              ],
              [
                126.9644,
                37.5602
              ],
              [
                126.9644,
                37.5601
              ],
              [
                126.9645,
                37.5599
              ],
              [
                126.965,
                37.5602
              ],
              [
                126.9653,
                37.5604
              ],
              [
                126.9657,
                37.5607
              ],
              [
                126.9661,
                37.561
              ]
            ]
          }
        ]
      },
      "properties": {
        "CONTENTS_NAME": "이동경로 동대 5",
        "IMG_MAIN_URL": "",
        "ADDR_OLD": "서울특별시 서대문구 충정로3가 58-6",
        "ADDR_NEW": "서울특별시 서대문구 충정로 26",
        "COORD_DATA": "[[126.963773660752,37.5612865672109],[126.963836175349,37.5612530506131],[126.963930810889,37.5610822244028],[126.96396573003,37.5609494342514],[126.964075114791,37.560695300267],[126.964089606429,37.5606480453221],[126.964195385238,37.5605020565064],[126.96426406022,37.560398713224],[126.964350298904,37.5602143283352],[126.964419118569,37.5600907052992],[126.964510743377,37.5599446519743],[126.965040898103,37.5602242196319],[126.965325380047,37.5604215513338],[126.965731110024,37.5606847787644],[126.966108247928,37.5609884361292]]",
        "COORD_X": "126.963773661",
        "COORD_Y": "37.561286567",
        "TEL_NO": "",
        "CONTENTS_DETAIL": "",
        "CONTENTS_STATUS": "0",
        "EXTRA_DATA_01": "",
        "EXTRA_DATA_02": "",
        "NAME_01": "3.1운동 이동경로 동향 7_2",
        "VALUE_01": "3.1운동 군중은 서대문정을 통해, 프랑스 영사관에 도착했다. 프랑스 영사관에 도착한 후 서소문정(서소문로)을 가로질러 이동했다.",
        "NAME_02": "이동경로",
        "VALUE_02": "프랑스 영사관 -> 서소문정",
        "NAME_03": "※자료 출처",
        "VALUE_03": "서울역사박물관, &quot;경성과 평양의 3.1운동&quot;",
        "NAME_04": "",
        "VALUE_04": "",
        "NAME_05": "",
        "VALUE_05": "",
        "NAME_06": "",
        "VALUE_06": "",
        "NAME_07": "",
        "VALUE_07": "",
        "NAME_08": "",
        "VALUE_08": "",
        "NAME_09": "",
        "VALUE_09": "",
        "NAME_10": "",
        "VALUE_10": "",
        "NAME_11": "",
        "VALUE_11": "",
        "NAME_12": "",
        "VALUE_12": "",
        "NAME_13": "",
        "VALUE_13": "",
        "NAME_14": "",
        "VALUE_14": "",
        "NAME_15": "",
        "VALUE_15": "",
        "NAME_16": "",
        "VALUE_16": "",
        "NAME_17": "",
        "VALUE_17": "",
        "NAME_18": "",
        "VALUE_18": "",
        "NAME_19": "",
        "VALUE_19": "",
        "NAME_20": "",
        "VALUE_20": "",
        "COORD_TYPE": "3",
        "LINE_PATTERN": "",
        "LINE_COLOR": "",
        "LINE_WEIGHT": "",
        "MOVIE_URL": "",
        "VOICE_URL": "",
        "NATION_BASE_AREA": "03742",
        "NATION_POINT_NUMBER": "다사52645146",
        "LAN_TYPE": "",
        "KEYWORD": "",
        "SUB_ID": "2-1",
        "COT_CRTFC_YN": ""
      },
      "id": "74"
    },
    {
      "type": "Feature",
      "geometry": {
        "type": "GeometryCollection",
        "geometries": [
          {
            "type": "LineString",
            "coordinates": [
              [
                126.9768,
                37.5759
              ],
              [
                126.9764,
                37.5758
              ],
              [
                126.9764,
                37.5754
              ],
              [
                126.9761,
                37.5752
              ],
              [
                126.9762,
                37.575
              ],
              [
                126.9763,
                37.5748
              ],
              [
                126.9763,
                37.5743
              ],
              [
                126.9763,
                37.574
              ],
              [
                126.9764,
                37.5729
              ],
              [
                126.9764,
                37.5717
              ],
              [
                126.9765,
                37.5705
              ],
              [
                126.9764,
                37.5704
              ],
              [
                126.9733,
                37.5703
              ],
              [
                126.9726,
                37.5704
              ],
              [
                126.9722,
                37.5703
              ],
              [
                126.9719,
                37.5703
              ],
              [
                126.9716,
                37.5702
              ],
              [
                126.9712,
                37.57
              ],
              [
                126.9707,
                37.5696
              ],
              [
                126.9698,
                37.569
              ],
              [
                126.9691,
                37.5685
              ],
              [
                126.9684,
                37.5678
              ],
              [
                126.9676,
                37.5671
              ],
              [
                126.967,
                37.5664
              ],
              [
                126.9666,
                37.5664
              ],
              [
                126.9663,
                37.5664
              ],
              [
                126.966,
                37.5662
              ],
              [
                126.9661,
                37.5655
              ],
              [
                126.9659,
                37.5651
              ],
              [
                126.9653,
                37.5644
              ],
              [
                126.9652,
                37.5644
              ],
              [
                126.9652,
                37.5643
              ],
              [
                126.9652,
                37.5642
              ],
              [
                126.9648,
                37.5637
              ],
              [
                126.9645,
                37.5632
              ],
              [
                126.9639,
                37.5622
              ],
              [
                126.9636,
                37.5618
              ],
              [
                126.9632,
                37.5613
              ],
              [
                126.9637,
                37.5611
              ],
              [
                126.9638,
                37.5613
              ]
            ]
          }
        ]
      },
      "properties": {
        "CONTENTS_NAME": "이동경로 동대 4",
        "IMG_MAIN_URL": "",
        "ADDR_OLD": "서울특별시 종로구 세종로 1-58",
        "ADDR_NEW": "서울특별시 종로구 사직로 161",
        "COORD_DATA": "[[126.976834356587,37.5758500823854],[126.976443851374,37.5758213107249],[126.976418821804,37.5753525001244],[126.976068901998,37.5751887054226],[126.976211466834,37.5750451228129],[126.976309649011,37.5747706480487],[126.976318309262,37.5743425473479],[126.976337630875,37.5740091351978],[126.97639078447,37.5728871955951],[126.976421509395,37.5717336091707],[126.97646975495,37.5705034857905],[126.976391341108,37.5703814562929],[126.973305869478,37.5703361836608],[126.97264887608,37.5703647977654],[126.972224334949,37.5703493803573],[126.971924640368,37.5702939593832],[126.971574276506,37.570197750286],[126.971224582629,37.5700069018203],[126.970677940274,37.5696439136692],[126.969771284261,37.5689503152395],[126.969134741452,37.5684922747664],[126.968358234949,37.5678127708071],[126.96758794941,37.5670566753249],[126.966992319151,37.5664230452004],[126.966590544263,37.566394190182],[126.966335808264,37.5663885322203],[126.965997339946,37.5662157459161],[126.9661046184,37.5654636068256],[126.965869186748,37.565133550415],[126.965347570578,37.5644461659185],[126.965212052174,37.564395978057],[126.965156469579,37.5642515108011],[126.965162453121,37.5642064705751],[126.964820657261,37.5637091809857],[126.964490059427,37.5632299681088],[126.96385744075,37.5622356154028],[126.963566386704,37.5617700996341],[126.963241725141,37.5612548562481],[126.963673036553,37.5611080941],[126.963779338027,37.5612843396286]]",
        "COORD_X": "126.976834357",
        "COORD_Y": "37.575850082",
        "TEL_NO": "",
        "CONTENTS_DETAIL": "",
        "CONTENTS_STATUS": "0",
        "EXTRA_DATA_01": "",
        "EXTRA_DATA_02": "",
        "NAME_01": "3.1운동 이동경로 동향 7_2",
        "VALUE_01": "광화문에 도착한 군중은 서대문정(세문안로)으로 향했다. 당시 서대문정 부근(덕수궁 부근)에는 각 국의 영사관이 즐비해 있었다. 군중의 목적지는 프랑스 영사관이었다.",
        "NAME_02": "이동경로",
        "VALUE_02": "광화문 -> 서대문정\n\n* 1919년 당시와 서울 내 도로의 구조가 다소 상이하여, 경로 구성에 있어 변형이 있으니 참고바랍니다.",
        "NAME_03": "※자료 출처",
        "VALUE_03": "서울역사박물관, &quot;경성과 평양의 3.1운동&quot;",
        "NAME_04": "",
        "VALUE_04": "",
        "NAME_05": "",
        "VALUE_05": "",
        "NAME_06": "",
        "VALUE_06": "",
        "NAME_07": "",
        "VALUE_07": "",
        "NAME_08": "",
        "VALUE_08": "",
        "NAME_09": "",
        "VALUE_09": "",
        "NAME_10": "",
        "VALUE_10": "",
        "NAME_11": "",
        "VALUE_11": "",
        "NAME_12": "",
        "VALUE_12": "",
        "NAME_13": "",
        "VALUE_13": "",
        "NAME_14": "",
        "VALUE_14": "",
        "NAME_15": "",
        "VALUE_15": "",
        "NAME_16": "",
        "VALUE_16": "",
        "NAME_17": "",
        "VALUE_17": "",
        "NAME_18": "",
        "VALUE_18": "",
        "NAME_19": "",
        "VALUE_19": "",
        "NAME_20": "",
        "VALUE_20": "",
        "COORD_TYPE": "3",
        "LINE_PATTERN": "",
        "LINE_COLOR": "",
        "LINE_WEIGHT": "",
        "MOVIE_URL": "",
        "VOICE_URL": "",
        "NATION_BASE_AREA": "03045",
        "NATION_POINT_NUMBER": "다사53805306",
        "LAN_TYPE": "",
        "KEYWORD": "",
        "SUB_ID": "2-1",
        "COT_CRTFC_YN": ""
      },
      "id": "75"
    },
    {
      "type": "Feature",
      "geometry": {
        "type": "GeometryCollection",
        "geometries": [
          {
            "type": "LineString",
            "coordinates": [
              [
                126.992,
                37.5706
              ],
              [
                126.992,
                37.5707
              ],
              [
                126.9901,
                37.5772
              ],
              [
                126.9899,
                37.5773
              ],
              [
                126.9896,
                37.5773
              ],
              [
                126.9896,
                37.5775
              ],
              [
                126.9889,
                37.5775
              ]
            ]
          }
        ]
      },
      "properties": {
        "CONTENTS_NAME": "이동경로 동대 2",
        "IMG_MAIN_URL": "",
        "ADDR_OLD": "서울특별시 종로구 종로3가 10-5",
        "ADDR_NEW": "서울특별시 종로구 돈화문로 23-2",
        "COORD_DATA": "[[126.992002902125,37.5705893757426],[126.992002075674,37.5707110539884],[126.990066949085,37.5771653626505],[126.989899218003,37.5772660393502],[126.989610376198,37.5772738043065],[126.989592050975,37.5774697677356],[126.988878591926,37.5774666807105]]",
        "COORD_X": "126.992002902",
        "COORD_Y": "37.570589376",
        "TEL_NO": "",
        "CONTENTS_DETAIL": "",
        "CONTENTS_STATUS": "0",
        "EXTRA_DATA_01": "",
        "EXTRA_DATA_02": "",
        "NAME_01": "3.1운동 이동경로 동향 7_2",
        "VALUE_01": "탑골공원에서 동쪽으로 이동한 무리는 창덕궁으로 이동한 후, 안국동 방향으로 향했다.",
        "NAME_02": "이동경로",
        "VALUE_02": "창덕궁 앞 -> 안국동\n\n*1919년 당시와 서울 내 도로의 구조가 다소 상이하여, 경로 구성에 있어 변형이 있으니 참고바랍니다.",
        "NAME_03": "※자료 출처",
        "VALUE_03": "서울역사박물관, &quot;경성과 평양의 3.1운동&quot;",
        "NAME_04": "",
        "VALUE_04": "",
        "NAME_05": "",
        "VALUE_05": "",
        "NAME_06": "",
        "VALUE_06": "",
        "NAME_07": "",
        "VALUE_07": "",
        "NAME_08": "",
        "VALUE_08": "",
        "NAME_09": "",
        "VALUE_09": "",
        "NAME_10": "",
        "VALUE_10": "",
        "NAME_11": "",
        "VALUE_11": "",
        "NAME_12": "",
        "VALUE_12": "",
        "NAME_13": "",
        "VALUE_13": "",
        "NAME_14": "",
        "VALUE_14": "",
        "NAME_15": "",
        "VALUE_15": "",
        "NAME_16": "",
        "VALUE_16": "",
        "NAME_17": "",
        "VALUE_17": "",
        "NAME_18": "",
        "VALUE_18": "",
        "NAME_19": "",
        "VALUE_19": "",
        "NAME_20": "",
        "VALUE_20": "",
        "COORD_TYPE": "3",
        "LINE_PATTERN": "",
        "LINE_COLOR": "",
        "LINE_WEIGHT": "",
        "MOVIE_URL": "",
        "VOICE_URL": "",
        "NATION_BASE_AREA": "03139",
        "NATION_POINT_NUMBER": "다사55145247",
        "LAN_TYPE": "",
        "KEYWORD": "",
        "SUB_ID": "2-1",
        "COT_CRTFC_YN": ""
      },
      "id": "76"
    },
    {
      "type": "Feature",
      "geometry": {
        "type": "GeometryCollection",
        "geometries": [
          {
            "type": "Point",
            "coordinates": [
              126.9833,
              37.5699
            ]
          }
        ]
      },
      "properties": {
        "CONTENTS_NAME": "보신각 앞 3·1운동 만세시위지/한성정부 선포지",
        "IMG_MAIN_URL": "http://sajeok.i815.or.kr/815/content/i815/HL01_0104_03.jpg",
        "ADDR_OLD": "서울특별시 종로구 관철동 291-2",
        "ADDR_NEW": "서울특별시 종로구 종로 54",
        "COORD_DATA": "[126.98334,37.569866]",
        "COORD_X": "126.983337934",
        "COORD_Y": "37.569865621",
        "TEL_NO": "",
        "CONTENTS_DETAIL": "",
        "CONTENTS_STATUS": "1",
        "EXTRA_DATA_01": "",
        "EXTRA_DATA_02": "",
        "NAME_01": "기본정보",
        "VALUE_01": "- 사적지 분류: 국내항일운동사적지 \n- 운동계열분류: 3·1운동 \n- 종류: 거리 \n- 상태: 부분변형 / 현재 보신각은 도로확장으로 본래 위치에서 서남편으로 약 40m 물러나 옮겨진 상태이다. \n- 정의: 3·1독립만세시위의 중심지이자, 1919년 4월 23일 세칭 ‘한성정부’의 수립을 알리는 시위가 벌어진 곳",
        "NAME_02": "관련정보",
        "VALUE_02": "- 관련 사건: 1919 3·1운동/1919 국민대회 개최/1919 한성정부 수립 선포 \n- 관련 조직: 한성정부  \n- 관련 인물: 장채극(張彩極)/전옥영(全玉瑛)/이철(李鐵)/김유인(金裕寅)",
        "NAME_03": "관련내용1",
        "VALUE_03": "종로 보신각 앞은 1919년 3월 1일 시위 군중들의 타종을 시작으로 서울지역 3·1독립만세시위의 상징적 구심점이 되었다. 학생단 주도로 제2차 대규모 시위가 있었던 3월 5일 남대문역 광장에서 여러 대로 나뉘어졌던 시위대가 정오경 이곳에 모여 독립연설회를 개최하였고, 3월 9일부터 상인들의 동맹 철시가 단행될 때도 그 중심지가 되었다.",
        "NAME_04": "관련내용2",
        "VALUE_04": "뿐만 아니라 임시정부(‘한성정부’)의 수립을 선포하는 4월 23일의 국민대회도 이곳에서 열렸다. 비록 당초 계획했던 대대적인 만세시위가 무산되어 학생으로 보이는 몇 명이「국민대회 취지서」와 「임시정부선포문」을 뿌리고, ‘국민대회 공화만세’라는 깃발을 들고 만세를 부르는 데 그쳤지만, 이 날 국내 ‘13도 대표’ 25명 명의로 배포된 ‘한성정부’ 선포 문건은 대한민국 임시정부 수립 당시 ‘한성정부’의 법통성을 주장하는 근거가 되었다.",
        "NAME_05": "",
        "VALUE_05": "",
        "NAME_06": "",
        "VALUE_06": "",
        "NAME_07": "",
        "VALUE_07": "",
        "NAME_08": "",
        "VALUE_08": "",
        "NAME_09": "※자료 출처",
        "VALUE_09": "경성과 평양의 3.1 운동 / 서울역사박물관 발간도서와 삼일대로 일대 3.1운동 기념 대표가로 조성 방향 및 향추 추진계획 보고서를 참고하여 등록하였습니다. \n3.1운동 이동경로는 도서 내용 토대로 일부 수정되었음을 알려 드립니다.",
        "NAME_10": "",
        "VALUE_10": "",
        "NAME_11": "",
        "VALUE_11": "",
        "NAME_12": "",
        "VALUE_12": "",
        "NAME_13": "",
        "VALUE_13": "",
        "NAME_14": "",
        "VALUE_14": "",
        "NAME_15": "",
        "VALUE_15": "",
        "NAME_16": "",
        "VALUE_16": "",
        "NAME_17": "",
        "VALUE_17": "",
        "NAME_18": "",
        "VALUE_18": "",
        "NAME_19": "",
        "VALUE_19": "",
        "NAME_20": "",
        "VALUE_20": "",
        "COORD_TYPE": "1",
        "LINE_PATTERN": "",
        "LINE_COLOR": "",
        "LINE_WEIGHT": "",
        "MOVIE_URL": "",
        "VOICE_URL": "",
        "NATION_BASE_AREA": "03189",
        "NATION_POINT_NUMBER": "다사54375240",
        "LAN_TYPE": "",
        "KEYWORD": "",
        "SUB_ID": "1",
        "COT_CRTFC_YN": ""
      },
      "id": "77"
    },
    {
      "type": "Feature",
      "geometry": {
        "type": "GeometryCollection",
        "geometries": [
          {
            "type": "Point",
            "coordinates": [
              126.9863,
              37.5713
            ]
          }
        ]
      },
      "properties": {
        "CONTENTS_NAME": "승동교회",
        "IMG_MAIN_URL": "http://sajeok.i815.or.kr/815/content/i815/HL01_0107_03.jpg",
        "ADDR_OLD": "서울특별시 종로구 인사동 137",
        "ADDR_NEW": "서울특별시 종로구 인사동길 7-1",
        "COORD_DATA": "[126.98633,37.571278]",
        "COORD_X": "126.986330483",
        "COORD_Y": "37.571279147",
        "TEL_NO": "",
        "CONTENTS_DETAIL": "",
        "CONTENTS_STATUS": "1",
        "EXTRA_DATA_01": "",
        "EXTRA_DATA_02": "",
        "NAME_01": "기본정보",
        "VALUE_01": "- 사적지 분류: 국내항일운동사적지 \n- 운동계열분류: 3·1운동 \n- 종류: 건물 \n- 상태: 부분변형 / 1912년 1차 준공 후 1958년 증축하였다. 현재는 약간의 수리 후 예전 모습을 간직하여 사용하고 있다. \n- 정의: 1919년 3·1운동 준비과정에서 제1회 및 제4회 학생단 간부회가 열린 장소로, 학생단 독립운동의 거점",
        "NAME_02": "관련정보",
        "VALUE_02": "- 관련 사건: 1919.3.1 3·1독립만세운동/1919.3.1 독립선언식 \n- 관련 인물: 김원벽(金元璧)",
        "NAME_03": "관련내용1",
        "VALUE_03": "승동교회는 연희전문학교 출신의 학생단 대표 김원벽(金元璧, 1894~1928)이 다녔던 교회로, 3·1운동 준비과정에서 1919년 2월 20일 학생단 제1회 간부회를 열어 조직체계를 정비한 곳이다. 2월 28일에는 제4회 학생단 간부회가 열려 학생조직 동원을 최종 점검하고 독립선언서 배포 등과 관련한 역할을 분담함으로써 이튿날 탑골공원에서의 독립선언식을 시발점으로 하는 거족적 독립만세운동의 발판을 놓았다.",
        "NAME_04": "관련내용2",
        "VALUE_04": "승동교회는 1893년 북장로회 선교사 사무엘 무어(S.F.Moore, 1860~1906)가 지금의 롯데호텔 부근 곤당골에 세운 교회에서 비롯되었으며, 1905년 종로 피마골 뒤편 지금의 자리로 옮기며 '승동교회'라는 이름을 갖게 되었다. 이 교회는 대가집 소실(小室)들과 장인, 백정들이 모여들어 '첩장교회'란 별명이 붙은 당시의 대표적인 민중교회였다.",
        "NAME_05": "",
        "VALUE_05": "",
        "NAME_06": "",
        "VALUE_06": "",
        "NAME_07": "",
        "VALUE_07": "",
        "NAME_08": "",
        "VALUE_08": "",
        "NAME_09": "※자료 출처",
        "VALUE_09": "경성과 평양의 3.1 운동 / 서울역사박물관 발간도서와 삼일대로 일대 3.1운동 기념 대표가로 조성 방향 및 향추 추진계획 보고서를 참고하여 등록하였습니다. \n3.1운동 이동경로는 도서 내용 토대로 일부 수정되었음을 알려 드립니다.",
        "NAME_10": "",
        "VALUE_10": "",
        "NAME_11": "",
        "VALUE_11": "",
        "NAME_12": "",
        "VALUE_12": "",
        "NAME_13": "",
        "VALUE_13": "",
        "NAME_14": "",
        "VALUE_14": "",
        "NAME_15": "",
        "VALUE_15": "",
        "NAME_16": "",
        "VALUE_16": "",
        "NAME_17": "",
        "VALUE_17": "",
        "NAME_18": "",
        "VALUE_18": "",
        "NAME_19": "",
        "VALUE_19": "",
        "NAME_20": "",
        "VALUE_20": "",
        "COORD_TYPE": "1",
        "LINE_PATTERN": "",
        "LINE_COLOR": "",
        "LINE_WEIGHT": "",
        "MOVIE_URL": "",
        "VOICE_URL": "",
        "NATION_BASE_AREA": "03164",
        "NATION_POINT_NUMBER": "다사54635255",
        "LAN_TYPE": "",
        "KEYWORD": "",
        "SUB_ID": "1",
        "COT_CRTFC_YN": ""
      },
      "id": "78"
    },
    {
      "type": "Feature",
      "geometry": {
        "type": "GeometryCollection",
        "geometries": [
          {
            "type": "Point",
            "coordinates": [
              126.9181,
              37.5443
            ]
          }
        ]
      },
      "properties": {
        "CONTENTS_NAME": "당인리",
        "IMG_MAIN_URL": "",
        "ADDR_OLD": "서울특별시 마포구 당인동 1",
        "ADDR_NEW": "",
        "COORD_DATA": "[126.918079728,37.544304512]",
        "COORD_X": "126.918079728",
        "COORD_Y": "37.544304512",
        "TEL_NO": "",
        "CONTENTS_DETAIL": "",
        "CONTENTS_STATUS": "1",
        "EXTRA_DATA_01": "",
        "EXTRA_DATA_02": "",
        "NAME_01": "당인리",
        "VALUE_01": "경성시외에서는 3월 23일 오후 8시부터 고양군 동묘리, 돈암리, 청량리, 왕십리, 마포, 양화진, 수색, 녹번현, 동막, 당인리, 행주, 창천리, 구파발리 등 각지에서 50명 내지 1천명의 군중이 독립 만세를 불렀는데 모두 다음날 24일 오전 0시에는 진정되었다. 그리고 동대문 내외 청량리와 동묘리 부근의 군중이 운전중인 전차에 투석하여 전차 20대의 유리창 105매를 파괴했다.",
        "NAME_02": "",
        "VALUE_02": "",
        "NAME_03": "",
        "VALUE_03": "",
        "NAME_04": "",
        "VALUE_04": "",
        "NAME_05": "※자료 출처",
        "VALUE_05": "경성과 평양의 3.1 운동 / 서울역사박물관 발간도서와 삼일대로 일대 3.1운동 기념 대표가로 조성 방향 및 향추 추진계획 보고서를 참고하여 등록하였습니다. \r\n3.1운동 이동경로는 도서 내용 토대로 일부 수정되었음을 알려 드립니다.",
        "NAME_06": "",
        "VALUE_06": "",
        "NAME_07": "",
        "VALUE_07": "",
        "NAME_08": "",
        "VALUE_08": "",
        "NAME_09": "",
        "VALUE_09": "",
        "NAME_10": "",
        "VALUE_10": "",
        "NAME_11": "",
        "VALUE_11": "",
        "NAME_12": "",
        "VALUE_12": "",
        "NAME_13": "",
        "VALUE_13": "",
        "NAME_14": "",
        "VALUE_14": "",
        "NAME_15": "",
        "VALUE_15": "",
        "NAME_16": "",
        "VALUE_16": "",
        "NAME_17": "",
        "VALUE_17": "",
        "NAME_18": "",
        "VALUE_18": "",
        "NAME_19": "",
        "VALUE_19": "",
        "NAME_20": "",
        "VALUE_20": "",
        "COORD_TYPE": "1",
        "LINE_PATTERN": "",
        "LINE_COLOR": "",
        "LINE_WEIGHT": "",
        "MOVIE_URL": "",
        "VOICE_URL": "",
        "NATION_BASE_AREA": "04082",
        "NATION_POINT_NUMBER": "다사48594960",
        "LAN_TYPE": "",
        "KEYWORD": "",
        "SUB_ID": "3",
        "COT_CRTFC_YN": ""
      },
      "id": "79"
    },
    {
      "type": "Feature",
      "geometry": {
        "type": "GeometryCollection",
        "geometries": [
          {
            "type": "Point",
            "coordinates": [
              126.985,
              37.5719
            ]
          }
        ]
      },
      "properties": {
        "CONTENTS_NAME": "태화관 터",
        "IMG_MAIN_URL": "http://sajeok.i815.or.kr/815/content/i815/HL01_0108_02.jpg",
        "ADDR_OLD": "서울특별시 종로구 인사동 194-27",
        "ADDR_NEW": "서울특별시 종로구 인사동5길 29",
        "COORD_DATA": "[126.985049737,37.571852683]",
        "COORD_X": "126.985049737",
        "COORD_Y": "37.571852683",
        "TEL_NO": "",
        "CONTENTS_DETAIL": "",
        "CONTENTS_STATUS": "1",
        "EXTRA_DATA_01": "",
        "EXTRA_DATA_02": "",
        "NAME_01": "기본정보",
        "VALUE_01": "- 사적지 분류: 국내항일운동사적지 \n- 운동계열분류: 3·1운동 \n- 종류: 건물 \n- 상태: 멸실 / 현재 태화빌딩(태화기독교사회복지관)이 들어서 있다. \n- 정의: 1919년 3월 1일 독립선언서에 서명한 민족대표들이 모여 독립선언식을 거행한 곳",
        "NAME_02": "관련정보",
        "VALUE_02": "- 관련 사건: 1919.3.1 3·1독립만세운동/1919.3.1 독립선언식 \n- 관련 인물: 한용운(韓龍雲)",
        "NAME_03": "관련내용1",
        "VALUE_03": "1919년 3월 1일 오후 2시 독립선언서에 서명한 민족대표 33인 가운데 29인은 요리점 명월관의 분점인 태화관에 모여 독립선언식을 갖고, 한용운(韓龍雲)의 선창으로 대한독립만세를 부른 뒤 전화를 받고 출동한 일제 경찰에 연행되었다.",
        "NAME_04": "관련내용2",
        "VALUE_04": "태화관 터는 본래 반정으로 왕위에 즉위하기 전 인조가 어린 시절을 보낸 곳으로, 이후 안동 김씨 김흥근의 저택, 헌종의 후궁 경빈 김씨의 순화궁으로 그 주인이 바뀌었다. 그리고 일제가 한국을 강점할 무렵에는 이윤용·이완용 형제가 번갈아 차지해 살면서 나라를 팔아먹는 데 앞장서기도 하였다. 그 뒤 명월관 분점 태화관이 자리 잡으면서 3·1운동을 맞았고, 이후 감리교회에서 구입하여 태화여자관으로 사용하였다.\n현재 이 자리에 세워져 있는 태화빌딩은 태화기독교사회복지관의 회관으로 사용되고 있다.",
        "NAME_05": "",
        "VALUE_05": "",
        "NAME_06": "",
        "VALUE_06": "",
        "NAME_07": "",
        "VALUE_07": "",
        "NAME_08": "",
        "VALUE_08": "",
        "NAME_09": "※자료 출처",
        "VALUE_09": "경성과 평양의 3.1 운동 / 서울역사박물관 발간도서와 삼일대로 일대 3.1운동 기념 대표가로 조성 방향 및 향추 추진계획 보고서를 참고하여 등록하였습니다. \n3.1운동 이동경로는 도서 내용 토대로 일부 수정되었음을 알려 드립니다.",
        "NAME_10": "",
        "VALUE_10": "",
        "NAME_11": "",
        "VALUE_11": "",
        "NAME_12": "",
        "VALUE_12": "",
        "NAME_13": "",
        "VALUE_13": "",
        "NAME_14": "",
        "VALUE_14": "",
        "NAME_15": "",
        "VALUE_15": "",
        "NAME_16": "",
        "VALUE_16": "",
        "NAME_17": "",
        "VALUE_17": "",
        "NAME_18": "",
        "VALUE_18": "",
        "NAME_19": "",
        "VALUE_19": "",
        "NAME_20": "",
        "VALUE_20": "",
        "COORD_TYPE": "1",
        "LINE_PATTERN": "",
        "LINE_COLOR": "",
        "LINE_WEIGHT": "",
        "MOVIE_URL": "",
        "VOICE_URL": "",
        "NATION_BASE_AREA": "03162",
        "NATION_POINT_NUMBER": "다사54525262",
        "LAN_TYPE": "",
        "KEYWORD": "",
        "SUB_ID": "1",
        "COT_CRTFC_YN": ""
      },
      "id": "8"
    },
    {
      "type": "Feature",
      "geometry": {
        "type": "GeometryCollection",
        "geometries": [
          {
            "type": "Point",
            "coordinates": [
              126.9745,
              37.5741
            ]
          }
        ]
      },
      "properties": {
        "CONTENTS_NAME": "적선동",
        "IMG_MAIN_URL": "",
        "ADDR_OLD": "서울특별시 종로구 도렴동 28-7",
        "ADDR_NEW": "서울특별시 종로구 새문안로5길 37",
        "COORD_DATA": "[126.974491217,37.574082051]",
        "COORD_X": "126.974491217",
        "COORD_Y": "37.574082051",
        "TEL_NO": "",
        "CONTENTS_DETAIL": "",
        "CONTENTS_STATUS": "1",
        "EXTRA_DATA_01": "",
        "EXTRA_DATA_02": "",
        "NAME_01": "세문안로 5길",
        "VALUE_01": "적선동, 도렴동, 당주동을 관통하는 길.",
        "NAME_02": "",
        "VALUE_02": "",
        "NAME_03": "",
        "VALUE_03": "",
        "NAME_04": "",
        "VALUE_04": "",
        "NAME_05": "",
        "VALUE_05": "",
        "NAME_06": "",
        "VALUE_06": "",
        "NAME_07": "",
        "VALUE_07": "",
        "NAME_08": "",
        "VALUE_08": "",
        "NAME_09": "",
        "VALUE_09": "",
        "NAME_10": "",
        "VALUE_10": "",
        "NAME_11": "",
        "VALUE_11": "",
        "NAME_12": "",
        "VALUE_12": "",
        "NAME_13": "",
        "VALUE_13": "",
        "NAME_14": "",
        "VALUE_14": "",
        "NAME_15": "",
        "VALUE_15": "",
        "NAME_16": "",
        "VALUE_16": "",
        "NAME_17": "",
        "VALUE_17": "",
        "NAME_18": "",
        "VALUE_18": "",
        "NAME_19": "",
        "VALUE_19": "",
        "NAME_20": "",
        "VALUE_20": "",
        "COORD_TYPE": "1",
        "LINE_PATTERN": "",
        "LINE_COLOR": "",
        "LINE_WEIGHT": "",
        "MOVIE_URL": "",
        "VOICE_URL": "",
        "NATION_BASE_AREA": "03172",
        "NATION_POINT_NUMBER": "다사53595287",
        "LAN_TYPE": "",
        "KEYWORD": "",
        "SUB_ID": "4",
        "COT_CRTFC_YN": ""
      },
      "id": "80"
    },
    {
      "type": "Feature",
      "geometry": {
        "type": "GeometryCollection",
        "geometries": [
          {
            "type": "Point",
            "coordinates": [
              126.9714,
              37.5658
            ]
          }
        ]
      },
      "properties": {
        "CONTENTS_NAME": "이화학당",
        "IMG_MAIN_URL": "",
        "ADDR_OLD": "서울특별시 중구 정동 32-1",
        "ADDR_NEW": "서울특별시 중구 정동길 26",
        "COORD_DATA": "[126.971378666754,37.5658298516083]",
        "COORD_X": "126.971378667",
        "COORD_Y": "37.565829852",
        "TEL_NO": "",
        "CONTENTS_DETAIL": "",
        "CONTENTS_STATUS": "1",
        "EXTRA_DATA_01": "",
        "EXTRA_DATA_02": "",
        "NAME_01": "이화학당",
        "VALUE_01": "이화학당",
        "NAME_02": "",
        "VALUE_02": "",
        "NAME_03": "",
        "VALUE_03": "",
        "NAME_04": "",
        "VALUE_04": "",
        "NAME_05": "",
        "VALUE_05": "",
        "NAME_06": "",
        "VALUE_06": "",
        "NAME_07": "",
        "VALUE_07": "",
        "NAME_08": "",
        "VALUE_08": "",
        "NAME_09": "",
        "VALUE_09": "",
        "NAME_10": "",
        "VALUE_10": "",
        "NAME_11": "",
        "VALUE_11": "",
        "NAME_12": "",
        "VALUE_12": "",
        "NAME_13": "",
        "VALUE_13": "",
        "NAME_14": "",
        "VALUE_14": "",
        "NAME_15": "",
        "VALUE_15": "",
        "NAME_16": "",
        "VALUE_16": "",
        "NAME_17": "",
        "VALUE_17": "",
        "NAME_18": "",
        "VALUE_18": "",
        "NAME_19": "",
        "VALUE_19": "",
        "NAME_20": "",
        "VALUE_20": "",
        "COORD_TYPE": "1",
        "LINE_PATTERN": "",
        "LINE_COLOR": "",
        "LINE_WEIGHT": "",
        "MOVIE_URL": "",
        "VOICE_URL": "",
        "NATION_BASE_AREA": "04516",
        "NATION_POINT_NUMBER": "다사53315196",
        "LAN_TYPE": "",
        "KEYWORD": "",
        "SUB_ID": "4",
        "COT_CRTFC_YN": ""
      },
      "id": "81"
    },
    {
      "type": "Feature",
      "geometry": {
        "type": "GeometryCollection",
        "geometries": [
          {
            "type": "Point",
            "coordinates": [
              126.9729,
              37.567
            ]
          }
        ]
      },
      "properties": {
        "CONTENTS_NAME": "구미공사관",
        "IMG_MAIN_URL": "",
        "ADDR_OLD": "서울특별시 중구 정동 10-1",
        "ADDR_NEW": "서울특별시 중구 덕수궁길 83",
        "COORD_DATA": "[126.972938417933,37.5670401230527]",
        "COORD_X": "126.972938418",
        "COORD_Y": "37.567040123",
        "TEL_NO": "",
        "CONTENTS_DETAIL": "",
        "CONTENTS_STATUS": "1",
        "EXTRA_DATA_01": "",
        "EXTRA_DATA_02": "",
        "NAME_01": "구미공사관",
        "VALUE_01": "구미공사관",
        "NAME_02": "",
        "VALUE_02": "",
        "NAME_03": "",
        "VALUE_03": "",
        "NAME_04": "",
        "VALUE_04": "",
        "NAME_05": "",
        "VALUE_05": "",
        "NAME_06": "",
        "VALUE_06": "",
        "NAME_07": "",
        "VALUE_07": "",
        "NAME_08": "",
        "VALUE_08": "",
        "NAME_09": "",
        "VALUE_09": "",
        "NAME_10": "",
        "VALUE_10": "",
        "NAME_11": "",
        "VALUE_11": "",
        "NAME_12": "",
        "VALUE_12": "",
        "NAME_13": "",
        "VALUE_13": "",
        "NAME_14": "",
        "VALUE_14": "",
        "NAME_15": "",
        "VALUE_15": "",
        "NAME_16": "",
        "VALUE_16": "",
        "NAME_17": "",
        "VALUE_17": "",
        "NAME_18": "",
        "VALUE_18": "",
        "NAME_19": "",
        "VALUE_19": "",
        "NAME_20": "",
        "VALUE_20": "",
        "COORD_TYPE": "1",
        "LINE_PATTERN": "",
        "LINE_COLOR": "",
        "LINE_WEIGHT": "",
        "MOVIE_URL": "",
        "VOICE_URL": "",
        "NATION_BASE_AREA": "04518",
        "NATION_POINT_NUMBER": "다사53455209",
        "LAN_TYPE": "",
        "KEYWORD": "",
        "SUB_ID": "4",
        "COT_CRTFC_YN": ""
      },
      "id": "82"
    },
    {
      "type": "Feature",
      "geometry": {
        "type": "GeometryCollection",
        "geometries": [
          {
            "type": "Point",
            "coordinates": [
              126.9716,
              37.5679
            ]
          }
        ]
      },
      "properties": {
        "CONTENTS_NAME": "구 러시아 공사관",
        "IMG_MAIN_URL": "",
        "ADDR_OLD": "서울특별시 중구 정동 15-1",
        "ADDR_NEW": "서울특별시 중구 정동길 21-18",
        "COORD_DATA": "[126.971590227288,37.567939949526]",
        "COORD_X": "126.971590227",
        "COORD_Y": "37.567939950",
        "TEL_NO": "",
        "CONTENTS_DETAIL": "",
        "CONTENTS_STATUS": "1",
        "EXTRA_DATA_01": "",
        "EXTRA_DATA_02": "",
        "NAME_01": "구 러시아 공사관",
        "VALUE_01": "구 러시아 공사관",
        "NAME_02": "",
        "VALUE_02": "",
        "NAME_03": "",
        "VALUE_03": "",
        "NAME_04": "",
        "VALUE_04": "",
        "NAME_05": "",
        "VALUE_05": "",
        "NAME_06": "",
        "VALUE_06": "",
        "NAME_07": "",
        "VALUE_07": "",
        "NAME_08": "",
        "VALUE_08": "",
        "NAME_09": "",
        "VALUE_09": "",
        "NAME_10": "",
        "VALUE_10": "",
        "NAME_11": "",
        "VALUE_11": "",
        "NAME_12": "",
        "VALUE_12": "",
        "NAME_13": "",
        "VALUE_13": "",
        "NAME_14": "",
        "VALUE_14": "",
        "NAME_15": "",
        "VALUE_15": "",
        "NAME_16": "",
        "VALUE_16": "",
        "NAME_17": "",
        "VALUE_17": "",
        "NAME_18": "",
        "VALUE_18": "",
        "NAME_19": "",
        "VALUE_19": "",
        "NAME_20": "",
        "VALUE_20": "",
        "COORD_TYPE": "1",
        "LINE_PATTERN": "",
        "LINE_COLOR": "",
        "LINE_WEIGHT": "",
        "MOVIE_URL": "",
        "VOICE_URL": "",
        "NATION_BASE_AREA": "04518",
        "NATION_POINT_NUMBER": "다사53335219",
        "LAN_TYPE": "",
        "KEYWORD": "",
        "SUB_ID": "4",
        "COT_CRTFC_YN": ""
      },
      "id": "83"
    },
    {
      "type": "Feature",
      "geometry": {
        "type": "GeometryCollection",
        "geometries": [
          {
            "type": "Point",
            "coordinates": [
              127.0489,
              37.5815
            ]
          }
        ]
      },
      "properties": {
        "CONTENTS_NAME": "청량리",
        "IMG_MAIN_URL": "",
        "ADDR_OLD": "서울특별시 동대문구 전농동 588-1",
        "ADDR_NEW": "서울특별시 동대문구 왕산로 214",
        "COORD_DATA": "[127.048858808,37.581516457]",
        "COORD_X": "127.048858808",
        "COORD_Y": "37.581516457",
        "TEL_NO": "",
        "CONTENTS_DETAIL": "",
        "CONTENTS_STATUS": "1",
        "EXTRA_DATA_01": "",
        "EXTRA_DATA_02": "",
        "NAME_01": "청량리",
        "VALUE_01": "3월 5일 청량리에서 반우식 읍소 사건이 있었다. 유교 상례에서 반우식이란 반우제를 가르키는 것으로 망자의 장례를 치르고 집에 돌아와서 망자의 영혼을 맞아들이는 제사를 뜻한다, 고종의 장례도 국상에 준하여 치루어졌기 때문에 경성에서 홍릉으로 향하는 청량리 부근에서 반우식이 치루어졌고 여기에는 지방에서 상경한 유림들이 운집했다.\n3월 5일 청량리에서 순종을 맞이한 유생들은 한편으로 복벽주의적 인식을 공유하면서도 '국왕을 향한 상서'라는 전통적 방식의 고수와 '대중을 향한 호소'라는 새로운 방식의 모색으로 갈라지는 모습을 보였다. 이런 분화는 식민지시기 유교, 유림의 행동 양태가 보여줄 두 가지 방향성을 예고하는 것이었다.",
        "NAME_02": "",
        "VALUE_02": "",
        "NAME_03": "",
        "VALUE_03": "",
        "NAME_04": "",
        "VALUE_04": "",
        "NAME_05": "※자료 출처",
        "VALUE_05": "경성과 평양의 3.1 운동 / 서울역사박물관 발간도서와 삼일대로 일대 3.1운동 기념 대표가로 조성 방향 및 향추 추진계획 보고서를 참고하여 등록하였습니다. \n3.1운동 이동경로는 도서 내용 토대로 일부 수정되었음을 알려 드립니다.",
        "NAME_06": "",
        "VALUE_06": "",
        "NAME_07": "",
        "VALUE_07": "",
        "NAME_08": "",
        "VALUE_08": "",
        "NAME_09": "",
        "VALUE_09": "",
        "NAME_10": "",
        "VALUE_10": "",
        "NAME_11": "",
        "VALUE_11": "",
        "NAME_12": "",
        "VALUE_12": "",
        "NAME_13": "",
        "VALUE_13": "",
        "NAME_14": "",
        "VALUE_14": "",
        "NAME_15": "",
        "VALUE_15": "",
        "NAME_16": "",
        "VALUE_16": "",
        "NAME_17": "",
        "VALUE_17": "",
        "NAME_18": "",
        "VALUE_18": "",
        "NAME_19": "",
        "VALUE_19": "",
        "NAME_20": "",
        "VALUE_20": "",
        "COORD_TYPE": "1",
        "LINE_PATTERN": "",
        "LINE_COLOR": "",
        "LINE_WEIGHT": "",
        "MOVIE_URL": "",
        "VOICE_URL": "",
        "NATION_BASE_AREA": "02555",
        "NATION_POINT_NUMBER": "다사60165366",
        "LAN_TYPE": "",
        "KEYWORD": "",
        "SUB_ID": "3",
        "COT_CRTFC_YN": ""
      },
      "id": "9"
    }
  ]
}
